timestamp,cpu_total_pct,cpu_core_min,cpu_core_max,cpu_cores_csv,cpu_freq_min_mhz,cpu_freq_max_mhz,cpu_freq_csv,igpu_pct,igpu_ded_mb,igpu_shared_mb,nvidia_gpu_pct,nvidia_mem_pct,nvidia_mem_used_mb,nvidia_mem_total_mb,nvidia_temp_c,nvidia_power_w,nvidia_sm_clk_mhz,nvidia_mem_clk_mhz,nvidia_pcie_gen,nvidia_pcie_width,nvidia_throttle,nvidia_pcie_rx_kbs,nvidia_pcie_tx_kbs,nvidia_pstate,nvidia_power_limit_w,nvidia_sm_clk_max_mhz,nvidia_mem_clk_max_mhz,nvidia_sm_clk_eff_pct,nvidia_mem_clk_eff_pct,nvidia_power_eff_pct,npu_pct,npu_ded_mb,npu_shared_mb,npu_process_count,npu_infer_ms,cpu_throttle_pct,soc_temp_c,ram_used_gb,ram_total_gb,l0_gpu_busy,l0_xve_active,l0_xve_stall,l0_xve_occupancy,l0_l3_stall,l0_gpu_freq_mhz,l0_mem_read_gbs,l0_mem_write_gbs,l0_compute_busy,l0_copy_busy,l0_render_busy,zes_gpu_busy,zes_compute_busy,zes_render_busy,zes_copy_busy,zes_media_busy,zes_freq_mhz,zes_mem_used_mb,zes_temp_c,zes_power_w,dram_read_gbs,dram_write_gbs,dram_total_gbs,l3miss_millions,ia_dram_bw_gbs,nonia_dram_bw_gbs,bw_source,dram_page_hit_rate_rd,dram_page_hit_rate_wr,dram_rd_latency_imc_clks,dram_rd_latency_ns,imc_freq_ghz
2026-09-25 10:44:19.383,10.9,0,100,25;25;100;0;0;0;0;25;0;0;0;0;0;0;0;0,1182,4657,4407;4442;4657;4639;3100;3318;3235;2915;3131;3305;3324;2932;1202;1201;1182;1688,7.7,0.0,842.2,0,0,0,0,0,0.0,0,0,0,0,0,0,0,0,0.0,0,0,0,0,0,0.0,0.0,0.0,0,0,0,65.1,14.2,63.4,90.17541808741433,1.961529891804925,19.671917076621735,17.05990775834237,1.4271042297072458,1661.5,0.0,0.0,0.0,0.0,57.742711518458755,0.0,0.0,0.0,0.0,0.0,0.0,0.0,0.0,0.0,,,,,,,,,,,,
2026-09-25 10:44:20.384,15.1,0,88,24;41;88;11;3;0;0;22;6;3;0;12;5;3;2;22,1043,4684,4452;4492;4684;4684;3330;1667;1796;2914;3249;3063;3035;2941;1242;1170;1043;1748,8.1,0.0,853.6,0,0,0,0,0,0.0,0,0,0,0,0,0,0,0,0.0,0,0,0,0,0,0.0,0.0,0.0,0,0,0,67.1,14.2,63.4,88.0464557888001,2.9435397320600556,22.425389426586822,20.899090800933013,1.4338468640610047,1166.8477690288714,0.0,0.0,0.0,0.0,57.21601416827656,0.0,0.0,0.0,0.0,0.0,450.0,853.6,0.0,0.0,,,,,,,,,,,,
2026-09-25 10:44:21.384,21.5,3,88,40;44;88;20;11;12;5;27;14;8;11;22;12;6;3;22,1865,4634,4462;4484;4632;4634;3153;3246;3340;3060;3064;3359;3316;2997;2193;2598;2717;1865,8.0,0.0,859.2,0,0,0,0,0,0.0,0,0,0,0,0,0,0,0,0.0,0,0,0,0,0,0.0,0.0,0.0,0,0,0,65.1,14.2,63.4,85.5796618948984,2.7623833614499285,21.69645965988465,20.14097791749634,1.4624737225573745,1201.9005524861877,0.0,0.0,0.0,0.0,56.77494868941127,1.2,0.0,0.0,0.0,0.0,450.0,853.6,0.0,0.0,,,,,,,,,,,,
2026-09-25 10:44:22.384,17.2,0,80,30;57;80;15;5;0;0;30;9;5;0;27;2;0;0;17,927,4643,4502;4569;4643;4639;3175;3348;2304;3019;3327;3439;3315;2961;1468;1009;927;1606,8.6,0.0,867.0,0,0,0,0,0,0.0,0,0,0,0,0,0,0,0,0.0,0,0,0,0,0,0.0,0.0,0.0,0,0,0,61.1,14.4,63.4,87.82692952961449,2.916263619350424,21.625935204866426,20.193180909105664,1.3471365002732683,1135.3270777479893,0.0,0.0,0.0,0.0,57.298360847815594,1.2,0.0,0.0,0.0,0.0,450.0,859.2,0.0,0.0,,,,,,,,,,,,
2026-09-25 10:44:23.385,21.4,0,94,48;66;94;17;3;0;0;36;11;2;0;38;2;0;0;26,881,4727,4691;4654;4700;4727;3416;2445;1694;3186;3346;3417;3313;3172;1429;1299;881;2019,8.9,0.0,867.2,0,0,0,0,0,0.0,0,0,0,0,0,0,0,0,0.0,0,0,0,0,0,0.0,0.0,0.0,0,0,0,60.1,14.4,63.4,87.01091468895571,2.9409545419784133,20.975328836414622,19.671181774122893,1.4235923478614128,1147.4764542936289,0.0,0.0,0.0,0.0,56.69937449526506,1.3,0.0,0.0,0.0,0.0,450.0,868.7,0.0,0.0,,,,,,,,,,,,
2026-09-25 10:44:24.386,18.9,0,86,38;41;86;10;3;0;0;26;5;0;0;38;0;3;0;53,1272,4705,4573;4422;4635;4705;3433;2351;2105;3124;3369;3048;3157;3070;2157;1326;1272;2736,8.9,0.0,867.2,0,0,0,0,0,0.0,0,0,0,0,0,0,0,0,0.0,0,0,0,0,0,0.0,0.0,0.0,0,0,0,69.1,14.4,63.4,82.55464453046972,3.0589822461426426,22.735386721112512,21.466497778215192,2.267360804320147,1193.3181818181818,0.0,0.0,0.0,0.0,54.610698468157686,1.3,0.0,0.0,0.0,0.0,450.0,867.3,0.0,0.0,,,,,,,,,,,,
2026-09-25 10:44:25.386,19.9,2,78,39;45;78;23;8;6;3;38;17;5;2;28;8;2;2;15,1851,4709,4590;4527;4669;4709;3389;3404;3415;3184;3206;3402;3335;3208;2573;2702;2751;1851,9.6,0.0,867.3,0,0,0,0,0,0.0,0,0,0,0,0,0,0,0,0.0,0,0,0,0,0,0.0,0.0,0.0,0,0,0,78.1,14.5,63.4,99.13552949486709,3.2899244919338524,22.940357416302856,22.04609555226112,1.6668999291203825,1145.070460704607,0.0,0.0,0.0,0.0,56.787415647053926,1.5,0.0,0.0,0.0,0.0,450.0,868.3,0.0,0.0,,,,,,,,,,,,
2026-09-25 10:44:26.387,18.7,2,83,30;43;83;12;11;6;2;35;12;6;3;28;6;2;2;17,1943,4636,4470;4363;4589;4636;3148;3296;3375;3100;3199;3300;3237;2991;2371;2308;2030;1943,9.2,0.0,867.2,0,0,0,0,0,0.0,0,0,0,0,0,0,0,0,0.0,0,0,0,0,0,0.0,0.0,0.0,0,0,0,73.1,14.5,63.4,98.85474879673549,3.0435045310429163,25.638387859889438,24.587200679779052,1.7531462252231513,1165.4285714285713,0.0,0.0,0.0,0.0,54.96442653592144,1.4,0.0,0.0,0.0,0.0,450.0,867.2,0.0,0.0,,,,,,,,,,,,
2026-09-25 10:44:27.387,12.1,0,89,12;33;89;9;2;0;2;17;5;0;0;9;2;2;2;11,1477,4690,4522;4393;4665;4690;2949;2925;3135;2945;3097;3107;3009;2873;1703;1561;1477;1604,3.8,0.0,873.1,0,0,0,0,0,0.0,0,0,0,0,0,0,0,0,0.0,0,0,0,0,0,0.0,0.0,0.0,0,0,0,64.1,14.6,63.4,98.80281193392264,0.08778198117389069,2.0720379773353668,1.2236706093339722,0.16417564223930625,1132.419689119171,0.0,0.0,0.0,0.0,53.208374581188735,1.2,0.0,0.0,0.0,0.0,450.0,873.1,0.0,0.0,,,,,,,,,,,,
2026-09-25 10:44:28.387,9.5,0,89,14;22;89;3;0;0;0;11;0;0;0;11;0;0;0;2,1027,4702,4509;4091;4632;4702;1653;1262;1466;2517;2852;1759;1659;2752;1168;1059;1027;1239,1.7,0.0,864.7,0,0,0,0,0,0.0,0,0,0,0,0,0,0,0,0.0,0,0,0,0,0,0.0,0.0,0.0,0,0,0,66.1,14.5,63.4,98.1858072726526,0.03814519593268024,2.881215571243072,1.4536715864473693,0.3093620226762005,1120.4953271028037,0.0,0.0,0.0,0.0,50.74311653754422,0.3,0.0,0.0,0.0,0.0,450.0,870.2,0.0,0.0,,,,,,,,,,,,
2026-09-25 10:44:29.388,9.7,0,91,10;23;91;6;0;0;0;11;2;0;0;11;0;0;0;2,953,4672,4603;4283;4640;4672;1885;1824;1761;2708;2931;1312;1436;2763;1121;1003;953;1182,1.2,0.0,864.7,0,0,0,0,0,0.0,0,0,0,0,0,0,0,0,0.0,0,0,0,0,0,0.0,0.0,0.0,0,0,0,63.1,14.6,63.4,98.05369802143262,0.026236062317880365,2.1193013858536016,1.1239424352027962,0.20902198682660642,1092.4782608695652,0.0,0.0,0.0,0.0,53.07377192102697,0.2,0.0,0.0,0.0,0.0,450.0,864.7,0.0,0.0,,,,,,,,,,,,
2026-09-25 10:44:30.388,12.7,0,86,20;31;86;8;0;0;0;22;5;0;2;23;0;0;0;8,1064,4723,4613;4451;4660;4723;3381;1235;1458;3069;3379;3288;3313;2953;2037;1154;1064;2611,1.3,0.0,864.7,0,0,0,0,0,0.0,0,0,0,0,0,0,0,0,0.0,0,0,0,0,0,0.0,0.0,0.0,0,0,0,63.1,14.4,63.4,97.91461641045026,0.03299268677402588,3.029456590132047,1.6424431486996591,0.25021703781620147,1055.989247311828,0.0,0.0,0.0,0.0,50.822982076675665,0.3,0.0,0.0,0.0,0.0,450.0,864.7,0.0,0.0,,,,,,,,,,,,
2026-09-25 10:44:31.406,12.8,0,91,12;34;91;10;5;0;0;20;3;3;0;22;0;0;0;6,1114,4706,4660;4423;4644;4706;3297;1171;1455;2847;3280;3445;3363;3060;1365;1356;1114;2665,2.0,0.0,847.6,0,0,0,0,0,0.0,0,0,0,0,0,0,0,0,0.0,0,0,0,0,0,0.0,0.0,0.0,0,0,0,60.1,14.6,63.4,98.4176851908366,0.014147933074678858,0.9395833972352322,0.21603184877988893,0.07334885945675348,1085.3636363636363,0.0,0.0,0.0,0.0,52.8989249577727,0.2,0.0,0.0,0.0,0.0,450.0,856.6,0.0,0.0,,,,,,,,,,,,
2026-09-25 10:44:32.407,9.6,0,88,5;31;88;0;0;0;0;15;0;0;0;11;2;0;0;2,1055,4688,4585;4179;4608;4688;3300;2691;2303;2571;3158;3201;2496;2607;1055;1098;1069;1293,0.8,0.0,844.2,0,0,0,0,0,0.0,0,0,0,0,0,0,0,0,0.0,0,0,0,0,0,0.0,0.0,0.0,0,0,0,57.1,14.4,63.4,97.11239208894618,0.013284765803666018,0.9646458714908245,0.236559071705914,0.08648000993565017,1103.9019607843138,0.0,0.0,0.0,0.0,50.27511160046446,0.3,0.0,0.0,0.0,0.0,450.0,844.2,0.0,0.0,1.406,0.608,2.014,25.712,1.646,0.368,emon,0.894,0.803,31.8,15.2,2.089
2026-09-25 10:44:33.407,11.8,0,83,12;35;83;6;2;0;0;25;3;2;0;15;2;0;0;3,1136,4724,4625;4364;4660;4724;2915;1617;1880;2775;3356;3347;1384;2972;1223;1136;2014;1547,5.1,0.0,854.2,0,0,0,0,0,0.0,0,0,0,0,0,0,0,0,0.0,0,0,0,0,0,0.0,0.0,0.0,0,0,0,50.1,14.4,63.4,98.62715902959326,1.712789033882271,15.8112197834636,14.875199433039251,1.1679829767717642,1135.3813229571983,0.0,0.0,0.0,0.0,53.72194101681737,0.2,0.0,0.0,0.0,0.0,450.0,844.2,0.0,0.0,1.406,0.608,2.014,25.712,1.646,0.368,emon,0.894,0.803,31.8,15.2,2.089
2026-09-25 10:44:34.408,14.2,0,97,20;33;97;10;3;5;6;20;5;8;3;11;0;3;2;3,1170,4679,4471;4341;4679;4663;3204;3367;3400;2997;3190;3181;3296;2821;1450;2459;1170;1686,5.3,0.0,873.5,0,0,0,0,0,0.0,0,0,0,0,0,0,0,0,0.0,0,0,0,0,0,0.0,0.0,0.0,0,0,0,54.1,14.5,63.4,97.01780045605622,1.2904085277869644,11.665894783316897,8.96709351964259,0.9789679431683348,1159.0961538461538,0.0,0.0,0.0,0.0,52.16982832353992,0.7,0.0,0.0,0.0,0.0,450.0,854.2,0.0,0.0,1.406,0.608,2.014,25.712,1.646,0.368,emon,0.894,0.803,31.8,15.2,2.089
2026-09-25 10:44:35.408,9.0,0,91,6;20;91;0;0;0;0;14;0;0;0;14;0;0;0;0,1054,4751,3924;3116;4751;4720;2948;2315;2239;2058;1996;1481;1259;1900;1153;1106;1054;1174,1.1,0.0,866.6,0,0,0,0,0,0.0,0,0,0,0,0,0,0,0,0.0,0,0,0,0,0,0.0,0.0,0.0,0,0,0,52.1,14.5,63.4,95.13665662493024,0.0030089897170130697,0.37144777178764343,0.03709872031495685,0.0,1041.857142857143,0.0,0.0,0.0,0.0,50.322735364948,0.5,0.0,0.0,0.0,0.0,450.0,866.6,0.0,0.0,1.406,0.608,2.014,25.712,1.646,0.368,emon,0.894,0.803,31.8,15.2,2.089
2026-09-25 10:44:36.408,8.8,0,92,5;20;92;0;0;0;0;9;0;0;0;14;0;0;0;0,1057,4801,3831;3582;4801;4735;1498;1890;1284;2212;2749;1519;2510;2242;1099;1116;1057;1176,1.2,0.0,856.1,0,0,0,0,0,0.0,0,0,0,0,0,0,0,0,0.0,0,0,0,0,0,0.0,0.0,0.0,0,0,0,50.1,14.4,63.4,97.39833333333333,0.22977284213217597,7.23162978887558,5.100347041885058,0.7696479797363281,1116.3333333333333,0.0,0.0,0.0,0.0,52.360892105102536,0.2,0.0,0.0,0.0,0.0,450.0,856.1,0.0,0.0,1.406,0.608,2.014,25.712,1.646,0.368,emon,0.894,0.803,31.8,15.2,2.089
2026-09-25 10:44:37.409,8.0,0,94,8;6;94;3;0;0;0;6;0;0;0;11;0;0;0;0,1121,4907,3511;3901;4907;4771;2344;1621;1423;1823;2180;1642;1692;2153;1135;1121;1182;1151,1.2,0.0,856.1,0,0,0,0,0,0.0,0,0,0,0,0,0,0,0,0.0,0,0,0,0,0,0.0,0.0,0.0,0,0,0,51.1,14.4,63.4,97.86306923760309,0.2610653047889678,9.11235384742419,6.523775452872117,0.8966523815062828,1144.5555555555557,0.0,0.0,0.0,0.0,53.72557835380236,0.2,0.0,0.0,0.0,0.0,450.0,856.1,0.0,0.0,1.406,0.608,2.014,25.712,1.646,0.368,emon,0.894,0.803,31.8,15.2,2.089
2026-09-25 10:44:38.409,9.2,0,98,2;23;98;3;0;0;0;9;0;0;0;11;0;0;0;0,1071,4902,2617;4272;4902;4759;1215;2151;1484;1957;1651;1071;1282;2161;1182;1111;1171;1315,0.8,0.0,856.1,0,0,0,0,0,0.0,0,0,0,0,0,0,0,0,0.0,0,0,0,0,0,0.0,0.0,0.0,0,0,0,64.1,14.5,63.4,97.64164139388444,0.2402287921838027,6.982227859171954,4.953863513789007,0.5767924497266869,1146.4025974025974,0.0,0.0,0.0,0.0,53.597092362773886,0.2,0.0,0.0,0.0,0.0,450.0,856.1,0.0,0.0,1.406,0.608,2.014,25.712,1.646,0.368,emon,0.894,0.803,31.8,15.2,2.089
2026-09-25 10:44:39.410,9.1,0,97,17;8;97;2;9;0;0;0;11;2;0;0;0;0;0;0,1130,4758,3441;4105;4748;4758;2611;1710;1247;1251;1916;2226;1405;1217;1218;1215;1130;1163,1.2,0.0,856.1,0,0,0,0,0,0.0,0,0,0,0,0,0,0,0,0.0,0,0,0,0,0,0.0,0.0,0.0,0,0,0,50.1,14.4,63.4,97.64820373535156,0.28892980228333426,9.859612313906352,6.5646207437415915,1.1212592282084126,1105.6666666666667,0.0,0.0,0.0,0.0,51.01418776825071,0.2,0.0,0.0,0.0,0.0,450.0,856.1,0.0,0.0,1.406,0.608,2.014,25.712,1.646,0.368,emon,0.894,0.803,31.8,15.2,2.089
2026-09-25 10:44:40.412,8.2,0,92,17;6;92;0;8;0;0;0;8;0;0;0;0;0;0;0,1031,4720,3373;4117;4720;4719;2177;1512;1563;1345;2279;1526;1217;1626;1169;1094;1125;1031,1.6,0.0,844.9,0,0,0,0,0,0.0,0,0,0,0,0,0,0,0,0.0,0,0,0,0,0,0.0,0.0,0.0,0,0,0,49.1,14.5,63.4,97.53741919476053,0.3584706829638099,7.913051397126654,5.582362173108951,0.6028205829470054,1121.1739130434783,0.0,0.0,0.0,0.0,51.64052388292292,0.2,0.0,0.0,0.0,0.0,450.0,844.9,0.0,0.0,1.406,0.608,2.014,25.712,1.646,0.368,emon,0.894,0.803,31.8,15.2,2.089
2026-09-25 10:44:41.412,8.9,0,98,18;2;98;0;10;5;0;0;6;2;0;0;2;0;0;0,1158,4742,3437;3916;4742;4729;2432;2819;1339;1315;2296;2673;1281;1247;1261;1181;1169;1158,1.7,0.0,851.1,0,0,0,0,0,0.0,0,0,0,0,0,0,0,0,0.0,0,0,0,0,0,0.0,0.0,0.0,0,0,0,57.1,14.5,63.4,97.4523868560791,0.23775335887330584,5.27452356480062,2.262249843077734,0.48843516148626803,1078.375,0.0,0.0,0.0,0.0,51.65409051477909,0.2,0.0,0.0,0.0,0.0,450.0,851.1,0.0,0.0,1.406,0.608,2.014,25.712,1.646,0.368,emon,0.894,0.803,31.8,15.2,2.089
2026-09-25 10:44:42.413,9.8,0,91,24;9;91;2;9;0;0;0;14;5;0;0;3;0;0;0,1010,4741,4017;4354;4741;4729;2349;2311;1550;1534;2782;2578;2177;1216;1281;1039;1068;1010,1.2,0.0,851.0,0,0,0,0,0,0.0,0,0,0,0,0,0,0,0,0.0,0,0,0,0,0,0.0,0.0,0.0,0,0,0,60.1,14.5,63.4,97.30141690572103,0.4189865282853134,4.732023823261261,3.7424483987813195,0.19771676243981345,1159.0,0.0,0.0,0.0,0.0,50.31217936823766,0.2,0.0,0.0,0.0,0.0,450.0,851.0,0.0,0.0,1.406,0.608,2.014,25.712,1.646,0.368,emon,0.894,0.803,31.8,15.2,2.089
2026-09-25 10:44:43.413,10.0,0,92,21;11;92;0;19;0;0;0;11;2;2;0;3;0;0;0,964,4673,4166;4445;4641;4673;2991;2400;1493;1502;2778;1835;2456;2086;1286;1077;1026;964,2.3,0.0,854.5,0,0,0,0,0,0.0,0,0,0,0,0,0,0,0,0.0,0,0,0,0,0,0.0,0.0,0.0,0,0,0,70.1,14.5,63.4,98.41215073620832,0.41081164173913376,7.249568538533317,4.6552656091991125,0.6169663499027526,1140.6666666666667,0.0,0.0,0.0,0.0,53.60524794680101,0.2,0.0,0.0,0.0,0.0,450.0,851.9,0.0,0.0,1.406,0.608,2.014,25.712,1.646,0.368,emon,0.894,0.803,31.8,15.2,2.089
2026-09-25 10:44:44.413,49.0,41,75,75;67;67;46;54;42;42;41;52;43;42;42;47;41;41;41,2632,4671,4665;4640;4540;4671;3317;3426;3428;3428;3267;3406;3427;3427;2632;2679;2680;2682,0.7,0.0,846.9,0,0,0,0,0,0.0,0,0,0,0,0,0,0,0,0.0,0,0,0,0,0,0.0,0.0,638.1,0,0,0,66.1,20.7,63.4,97.73179239126353,0.17215694088775377,2.8110797639076526,1.7574332224061855,0.24058801577641414,1101.3076923076924,0.0,0.0,0.0,0.0,54.21639138460159,0.3,0.0,0.0,0.0,0.0,450.0,846.9,0.0,0.0,2.663,0.95,3.613,43.961,2.814,0.799,emon,0.898,0.761,30.6,14.4,2.132
2026-09-25 10:44:45.414,40.9,27,91,62;48;91;39;36;37;39;34;33;40;35;39;32;31;34;27,2856,4685,4610;4645;4669;4685;3336;3443;3423;3412;3333;3450;3415;3440;2856;2897;2933;2950,1.9,0.0,849.6,0,0,0,0,0,0.0,0,0,0,0,0,0,0,0,0.0,0,0,0,0,0,0.0,0.0,4342.3,0,0,0,75.1,22.1,63.4,98.95466200176038,0.11089034973288348,3.9755389731181294,2.2698747512639352,0.2578324583677673,1120.0526315789473,0.0,0.0,0.0,0.0,54.62713827569234,0.3,0.0,0.0,0.0,0.0,450.0,851.4,0.0,0.0,2.663,0.95,3.613,43.961,2.814,0.799,emon,0.898,0.761,30.6,14.4,2.132
2026-09-25 10:44:46.414,14.1,0,95,36;14;95;3;25;5;3;6;17;5;3;6;5;0;2;2,1271,4721,4399;4658;4713;4721;2820;3224;3159;3253;2763;2992;3207;3201;1858;1463;2130;1271,1.1,0.0,847.0,0,0,0,0,0,0.0,0,0,0,0,0,0,0,0,0.0,0,0,0,0,0,0.0,0.0,4342.3,0,0,0,74.1,22.1,63.4,97.76429447229357,0.3233255797970122,9.377181189863578,6.373578087912629,0.8543139195096665,1097.5507246376812,0.0,0.0,0.0,0.0,53.2719428036092,0.2,0.0,0.0,0.0,0.0,450.0,847.1,0.0,0.0,2.663,0.95,3.613,43.961,2.814,0.799,emon,0.898,0.761,30.6,14.4,2.132
2026-09-25 10:44:47.415,10.1,0,84,28;9;84;3;18;0;0;0;17;0;0;0;2;0;0;0,1122,4722,4106;4555;4684;4722;2520;1914;1345;1793;2610;2251;1472;1942;1475;1544;1168;1122,1.9,0.0,852.0,0,0,0,0,0,0.0,0,0,0,0,0,0,0,0,0.0,0,0,0,0,0,0.0,0.0,4342.3,0,0,0,76.1,22.1,63.4,98.01309960683187,1.235619738540845,13.700527845074733,10.949813059251756,0.6766314336680808,1107.75,0.0,0.0,0.0,0.0,52.88316124702494,0.2,0.0,0.0,0.0,0.0,450.0,847.0,0.0,0.0,2.663,0.95,3.613,43.961,2.814,0.799,emon,0.898,0.761,30.6,14.4,2.132
2026-09-25 10:44:48.415,8.6,0,47,35;24;47;14;11;0;0;0;3;3;0;0;0;0;0;0,1028,4702,4335;4693;4585;4702;2378;1637;1668;1370;2071;2654;1944;2136;1141;1137;1039;1028,1.2,0.0,852.0,0,0,0,0,0,0.0,0,0,0,0,0,0,0,0,0.0,0,0,0,0,0,0.0,0.0,4606.2,0,0,0,61.1,18.8,63.4,98.01198034417139,0.7334173662103203,13.122315364341214,10.10038238314733,0.757537869187965,1145.5753424657535,0.0,0.0,0.0,0.0,52.86132965879897,0.3,0.0,0.0,0.0,0.0,450.0,852.0,0.0,0.0,2.663,0.95,3.613,43.961,2.814,0.799,emon,0.898,0.761,30.6,14.4,2.132
2026-09-25 10:44:49.424,5.8,0,28,28;2;22;0;18;0;0;0;12;2;0;0;9;0;0;0,1088,3573,2771;3183;3573;3415;1564;2200;1306;1218;1491;2082;2477;2001;1280;1129;1088;1094,4.6,0.0,865.6,0,0,0,0,0,0.0,0,0,0,0,0,0,0,0,0.0,0,0,0,0,0,0.0,0.0,4606.2,0,0,0,39.1,18.9,63.4,97.8224200109008,0.8705496618748126,11.602976646013321,8.663626937658353,0.4379106718033944,1156.6433121019109,0.0,0.0,0.0,0.0,53.18382523318005,0.2,0.0,0.0,0.0,0.0,450.0,852.1,0.0,0.0,2.663,0.95,3.613,43.961,2.814,0.799,emon,0.898,0.761,30.6,14.4,2.132
2026-09-25 10:44:50.424,4.2,0,23,15;3;23;3;8;0;0;0;9;0;0;0;5;0;0;0,1092,2682,1900;2050;2682;1917;1213;1092;1132;1188;1233;1202;1200;1148;1426;1489;1191;1561,4.6,0.0,865.6,0,0,0,0,0,0.0,0,0,0,0,0,0,0,0,0.0,0,0,0,0,0,0.0,0.0,4606.2,0,0,0,33.1,18.8,63.4,97.77249002799714,0.0018226159721857487,0.34618349753909833,0.03447562515762427,0.0,1153.31654676259,0.0,0.0,0.0,0.0,50.66172723643643,0.5,0.0,0.0,0.0,0.0,450.0,864.3,0.0,0.0,2.663,0.95,3.613,43.961,2.814,0.799,emon,0.898,0.761,30.6,14.4,2.132
2026-09-25 10:44:51.424,6.7,0,30,24;3;30;2;20;2;0;0;21;0;0;0;5;2;0;0,978,3571,3206;3147;3571;3246;1312;2339;1173;1211;1387;1589;1292;1034;1148;978;1031;1189,1.4,0.0,862.3,0,0,0,0,0,0.0,0,0,0,0,0,0,0,0,0.0,0,0,0,0,0,0.0,0.0,4606.2,0,0,0,35.1,18.8,63.4,97.50736822476044,0.37497387325760356,3.539554739731122,3.295250377875048,0.018071800216939816,1141.2651933701657,0.0,0.0,0.0,0.0,52.355439129208335,0.3,0.0,0.0,0.0,0.0,450.0,869.8,0.0,0.0,2.663,0.95,3.613,43.961,2.814,0.799,emon,0.898,0.761,30.6,14.4,2.132
2026-09-25 10:44:52.425,6.0,0,39,26;2;39;2;15;0;0;0;6;0;0;0;3;2;2;0,1000,4009,2560;3894;3551;4009;1812;1596;1454;1465;1870;1764;2344;1329;1269;1344;1000;1171,1.9,0.0,862.3,0,0,0,0,0,0.0,0,0,0,0,0,0,0,0,0.0,0,0,0,0,0,0.0,0.0,4606.2,0,0,0,35.1,18.8,63.4,97.02147665791128,0.8890544348771031,10.013535562602954,9.165216365122589,0.3533643442460325,1102.448275862069,0.0,0.0,0.0,0.0,50.88979186134777,0.3,0.0,0.0,0.0,0.0,450.0,862.3,0.0,0.0,2.663,0.95,3.613,43.961,2.814,0.799,emon,0.898,0.761,30.6,14.4,2.132
2026-09-25 10:44:53.425,8.3,0,48,35;3;48;2;14;0;0;0;23;2;0;0;6;0;0;0,858,4485,4025;4193;4253;4485;2306;2113;1384;1470;2371;2724;2588;1527;1196;1005;923;858,4.0,0.0,874.6,0,0,0,0,0,0.0,0,0,0,0,0,0,0,0,0.0,0,0,0,0,0,0.0,0.0,4606.2,0,0,0,41.1,18.8,63.4,98.60777225191632,2.8881880601365415,26.853237678134253,26.114534756493946,1.7632676199119444,1163.484126984127,0.0,0.0,0.0,0.0,51.89749399673135,0.6,0.0,0.0,0.0,0.0,450.0,874.6,0.0,0.0,2.663,0.95,3.613,43.961,2.814,0.799,emon,0.898,0.761,30.6,14.4,2.132
2026-09-25 10:44:54.425,7.8,0,42,9;14;42;8;19;2;0;0;17;5;0;0;9;0;0;0,1370,4551,4088;4493;4432;4551;2604;3350;2855;2072;2561;2882;3067;3323;1710;1370;1806;1467,8.7,0.0,872.1,0,0,0,0,0,0.0,0,0,0,0,0,0,0,0,0.0,0,0,0,0,0,20.4,0.0,4681.8,0,0,0,47.1,18.9,63.4,98.59115615693649,2.3915266887405457,24.981227121632486,23.36245373319281,1.515645806145318,1174.4125412541255,0.0,0.0,0.0,0.0,54.85989394321693,1.3,0.0,0.0,0.0,0.0,450.0,872.1,0.0,0.0,2.663,0.95,3.613,43.961,2.814,0.799,emon,0.898,0.761,30.6,14.4,2.132
2026-09-25 10:44:55.426,9.1,2,42,28;9;42;8;12;2;5;3;18;5;2;2;6;2;2;2,1644,4557,4067;4526;4227;4557;2530;3323;3347;3346;2647;3243;3304;3383;1879;1644;2665;2776,9.3,0.0,902.7,0,0,0,0,0,0.0,0,0,0,0,0,0,0,0,0.0,0,0,0,0,0,0.0,0.0,4681.8,0,0,0,42.1,18.9,63.4,98.51442560159936,1.3594833911332864,15.417279991957377,14.09299327727618,0.9776490709059081,1130.8867924528302,0.0,0.0,0.0,0.0,54.737491949577375,1.5,0.0,0.0,0.0,0.0,450.0,902.7,0.0,0.0,2.663,0.95,3.613,43.961,2.814,0.799,emon,0.898,0.761,30.6,14.4,2.132
2026-09-25 10:44:56.426,6.5,0,46,16;5;46;3;11;0;0;0;17;2;0;0;5;0;0;0,1044,4342,3685;3988;4342;4013;1779;2027;2529;1570;1660;1816;1775;2252;1638;1066;1044;1071,3.6,0.0,894.0,0,0,0,0,0,0.0,0,0,0,0,0,0,0,0,0.0,0,0,0,0,0,0.0,0.0,4681.8,0,0,0,41.1,18.9,63.4,98.79281452723912,1.360592834494633,16.429958799883487,15.092655844794262,1.2117217634592043,1155.547619047619,0.0,0.0,0.0,0.0,53.53927190063728,0.9,0.0,0.0,0.0,0.0,450.0,894.0,0.0,0.0,10.699,1.826,12.526,30.684,1.964,10.562,emon,0.871,0.756,27.2,12.6,2.151
2026-09-25 10:44:57.426,11.9,0,56,39;18;56;9;26;2;0;0;15;6;0;0;11;3;2;2,1328,4643,4107;4467;4512;4643;2758;2004;1617;2431;2810;3260;3047;2839;1508;1514;1328;1525,10.2,0.0,908.2,0,0,0,0,0,0.0,0,0,0,0,0,0,0,0,0.0,0,0,0,0,0,0.0,0.0,4681.8,0,0,0,54.1,18.9,63.4,98.95366841665707,2.722216295406312,22.879555725394198,21.043765057624544,0.6319941913909969,1170.8944099378882,0.0,0.0,0.0,0.0,56.606790988573,0.9,0.0,0.0,0.0,0.0,450.0,900.5,0.0,0.0,10.699,1.826,12.526,30.684,1.964,10.562,emon,0.871,0.756,27.2,12.6,2.151
2026-09-25 10:44:58.428,9.2,0,55,25;16;55;3;20;0;0;0;20;0;2;0;6;0;0;0,1048,4551,4069;4394;4483;4551;2711;2939;3072;1934;2704;3071;3038;3276;1404;1226;1199;1048,13.9,0.0,1014.5,0,0,0,0,0,0.0,0,0,0,0,0,0,0,0,0.0,0,0,0,0,0,0.0,0.0,4681.8,0,0,0,46.1,19.0,63.4,98.88661057819692,1.3929480759351598,13.058803942978614,11.781656381277035,0.46075006369988675,1121.8682170542636,0.0,0.0,0.0,0.0,55.04150931933505,2.4,0.0,0.0,0.0,0.0,450.0,1004.6,0.0,0.0,10.699,1.826,12.526,30.684,1.964,10.562,emon,0.871,0.756,27.2,12.6,2.151
2026-09-25 10:44:59.429,7.3,0,39,28;5;39;3;17;0;0;0;16;5;0;0;3;0;2;0,702,4419,3953;4088;4257;4419;2302;2325;1809;1918;2253;2287;2107;1539;1330;975;1020;702,8.9,0.0,1015.7,0,0,0,0,0,0.0,0,0,0,0,0,0,0,0,0.0,0,0,0,0,0,0.0,0.0,4681.8,0,0,0,42.1,19.0,63.4,99.15909825742634,2.3559119958640533,22.453432424395693,21.21135265638236,1.404123696490203,1146.7124183006536,0.0,0.0,0.0,0.0,56.32159448349301,1.1,0.0,0.0,0.0,0.0,450.0,1009.9,0.0,0.0,10.699,1.826,12.526,30.684,1.964,10.562,emon,0.871,0.756,27.2,12.6,2.151
2026-09-25 10:45:00.429,5.5,0,30,20;6;30;3;14;0;0;0;13;2;0;0;0;0;0;0,874,4142,3655;4104;3913;4142;1966;2385;1439;1367;1856;2717;1872;2983;1122;1054;874;1048,4.5,0.0,1014.2,0,0,0,0,0,0.0,0,0,0,0,0,0,0,0,0.0,0,0,0,0,0,0.0,0.0,4681.8,0,0,0,38.1,19.0,63.4,98.50255200094428,2.082722760105437,23.03853647047577,21.710998794702768,1.5791966081308277,1164.702479338843,0.0,0.0,0.0,0.0,54.533836999400094,1.3,0.0,0.0,0.0,0.0,450.0,1017.3,0.0,0.0,10.699,1.826,12.526,30.684,1.964,10.562,emon,0.871,0.756,27.2,12.6,2.151
2026-09-25 10:45:01.429,5.1,0,31,17;6;31;3;12;0;0;0;6;2;0;0;5;0;0;0,1129,2841,1732;2274;2841;1928;1190;1287;1152;1205;1183;1312;1822;1129;1156;1142;1191;1169,1.1,0.0,1002.7,0,0,0,0,0,0.0,0,0,0,0,0,0,0,0,0.0,0,0,0,0,0,0.0,0.0,4681.8,0,0,0,35.1,19.0,63.4,97.86387551184929,0.0018941592171530027,0.3451690722515087,0.03433653144258084,0.0,1067.3168316831684,0.0,0.0,0.0,0.0,52.81429155156164,0.4,0.0,0.0,0.0,0.0,450.0,1006.7,0.0,0.0,10.699,1.826,12.526,30.684,1.964,10.562,emon,0.871,0.756,27.2,12.6,2.151
2026-09-25 10:45:02.429,5.0,0,27,24;2;27;2;12;0;0;0;11;2;0;0;2;0;0;0,1099,2926,2108;2377;2926;2239;1224;2060;1756;1311;1212;1868;1259;1480;1123;1142;1099;1118,2.2,0.0,990.4,0,0,0,0,0,0.0,0,0,0,0,0,0,0,0,0.0,0,0,0,0,0,0.0,0.0,4681.8,0,0,0,36.1,19.0,63.4,97.53587315383467,0.00158817096482239,0.29754623314998685,0.02956904452384531,0.0022775128628443747,1150.6990291262136,0.0,0.0,0.0,0.0,52.29070624607859,0.2,0.0,0.0,0.0,0.0,450.0,1002.7,0.0,0.0,10.699,1.826,12.526,30.684,1.964,10.562,emon,0.871,0.756,27.2,12.6,2.151
2026-09-25 10:45:03.430,6.7,0,26,15;11;26;5;10;3;3;0;15;2;3;3;8;3;0;0,1152,4250,3181;4250;3450;4075;1879;2462;2801;1152;2023;2092;2612;2255;1695;1325;1220;1914,2.2,0.0,990.4,0,0,0,0,0,0.0,0,0,0,0,0,0,0,0,0.0,0,0,0,0,0,0.0,0.0,4681.8,0,0,0,34.1,18.9,63.4,83.33244610404968,0.0019943708586506546,0.3140205646753311,0.03122985716164112,0.0,1177.4,0.0,0.0,0.0,0.0,49.78340975992195,0.3,0.0,0.0,0.0,0.0,450.0,972.6,0.0,0.0,10.699,1.826,12.526,30.684,1.964,10.562,emon,0.871,0.756,27.2,12.6,2.151
2026-09-25 10:45:04.431,6.8,0,28,28;3;23;3;11;2;3;2;18;3;2;2;9;0;0;0,1050,3319,2520;2307;3319;2102;1272;1140;2034;1273;1237;1068;1112;1064;1355;1050;1096;1070,1.8,0.0,895.8,0,0,0,0,0,0.0,0,0,0,0,0,0,0,0,0.0,0,0,0,0,0,0.0,0.0,4681.8,0,0,0,33.1,18.9,63.4,97.58350079165304,0.0062047430988529636,1.0811240030039708,0.5517349851230535,0.08896586599901979,1104.4187192118227,0.0,0.0,0.0,0.0,52.056010674960504,0.3,0.0,0.0,0.0,0.0,450.0,884.8,0.0,0.0,10.699,1.826,12.526,30.684,1.964,10.562,emon,0.871,0.756,27.2,12.6,2.151
2026-09-25 10:45:05.431,4.4,0,25,14;0;25;3;5;2;0;0;11;0;2;0;8;2;2;0,807,3206,2246;2459;3206;2372;1256;1217;953;1234;1287;1185;1114;1194;1187;1065;807;1080,1.3,0.0,882.7,0,0,0,0,0,0.0,0,0,0,0,0,0,0,0,0.0,0,0,0,0,0,0.0,0.0,4681.8,0,0,0,33.1,18.9,63.4,97.36158564581943,0.2246313934473569,4.144971170242707,3.169110878684263,0.3999475875954804,1135.4321608040202,0.0,0.0,0.0,0.0,51.592100327563045,0.3,0.0,0.0,0.0,0.0,450.0,886.1,0.0,0.0,10.699,1.826,12.526,30.684,1.964,10.562,emon,0.871,0.756,27.2,12.6,2.151
2026-09-25 10:45:06.432,4.2,0,23,21;0;23;0;10;0;0;0;6;0;0;0;6;0;0;0,1141,2972,1813;1448;2972;1966;1435;1778;1183;1226;1331;1165;1268;1164;1210;1141;1237;1150,1.8,0.0,882.7,0,0,0,0,0,0.0,0,0,0,0,0,0,0,0,0.0,0,0,0,0,0,0.0,0.0,4681.8,0,0,0,31.1,18.9,63.4,97.17673189420226,0.012961292792943882,1.8827032701554873,1.3206115933201203,0.11903873529840023,1139.7801418439717,0.0,0.0,0.0,0.0,52.14294381154345,0.3,0.0,0.0,0.0,0.0,450.0,882.7,0.0,0.0,10.699,1.826,12.526,30.684,1.964,10.562,emon,0.871,0.756,27.2,12.6,2.151
2026-09-25 10:45:07.432,6.4,0,52,14;5;52;2;11;2;0;0;11;0;0;0;5;3;0;0,1050,3728,2391;3728;2533;2269;1502;1947;1282;1292;1240;1161;1183;1210;1220;1050;1119;1198,1.0,0.0,882.7,0,0,0,0,0,0.0,0,0,0,0,0,0,0,0,0.0,0,0,0,0,0,0.0,0.0,4681.8,0,0,0,32.1,18.9,63.4,97.96618925322086,0.009457908263974696,1.4613911782587887,1.0093622475845414,0.10646710825075797,1115.9724770642201,0.0,0.0,0.0,0.0,51.23307519207854,0.2,0.0,0.0,0.0,0.0,450.0,882.7,0.0,0.0,10.699,1.826,12.526,30.684,1.964,10.562,emon,0.871,0.756,27.2,12.6,2.151
2026-09-25 10:45:08.432,4.1,0,20,16;3;20;0;15;0;0;3;8;0;0;0;0;0;0;0,1075,2889,1918;2426;2889;2251;1236;1098;1197;1194;1207;1273;1204;1247;1149;1075;1186;1189,1.5,0.0,882.7,0,0,0,0,0,0.0,0,0,0,0,0,0,0,0,0.0,0,0,0,0,0,0.0,0.0,4681.8,0,0,0,33.1,18.9,63.4,97.29577604079628,0.0017196225406437675,0.3094485418841163,0.030763200120651785,0.0,1142.850267379679,0.0,0.0,0.0,0.0,51.66059977668811,0.3,0.0,0.0,0.0,0.0,450.0,882.7,0.0,0.0,0.847,0.454,1.301,11.361,0.727,0.574,emon,0.909,0.886,24.3,13.3,1.822
2026-09-25 10:45:09.433,4.7,0,31,3;17;31;2;0;6;2;0;0;8;0;0;0;3;3;0,1072,2776,2600;2192;2765;2776;1227;1357;1072;1179;1184;1351;1227;1186;1177;1164;1152;1155,1.2,0.0,882.7,0,0,0,0,0,0.0,0,0,0,0,0,0,0,0,0.0,0,0,0,0,0,18.7,0.0,4681.8,0,0,0,35.1,18.8,63.4,97.08559147004158,0.0023845069430222716,0.3298086259634264,0.03281896161816774,0.0,1103.3010752688172,0.0,0.0,0.0,0.0,51.398644528161455,0.2,0.0,0.0,0.0,0.0,450.0,882.7,0.0,0.0,0.847,0.454,1.301,11.361,0.727,0.574,emon,0.909,0.886,24.3,13.3,1.822
2026-09-25 10:45:10.434,5.5,0,27,0;19;27;0;0;11;3;3;3;11;5;0;0;3;2;2,927,3043,2311;2045;3043;2246;1171;1321;1444;1206;1197;1269;2305;1070;1187;997;1083;927,1.0,0.0,882.7,0,0,0,0,0,0.0,0,0,0,0,0,0,0,0,0.0,0,0,0,0,0,0.0,0.0,4681.8,0,0,0,35.1,18.8,63.4,97.48712993803478,0.001548292674124241,0.28555009677296594,0.02842980891998325,0.0,1105.1904761904761,0.0,0.0,0.0,0.0,51.78319205783662,0.3,0.0,0.0,0.0,0.0,450.0,882.7,0.0,0.0,0.847,0.454,1.301,11.361,0.727,0.574,emon,0.909,0.886,24.3,13.3,1.822
2026-09-25 10:45:11.434,8.2,0,34,6;27;34;8;3;16;2;3;2;19;2;3;0;5;0;5,1057,4272,4017;3535;3866;4272;2641;1661;2322;2702;2426;1753;2532;2633;1057;1879;1584;1363,3.9,0.0,890.9,0,0,0,0,0,0.0,0,0,0,0,0,0,0,0,0.0,0,0,0,0,0,0.0,0.0,4681.8,0,0,0,40.1,18.8,63.4,91.38371060970353,0.970694491351771,12.321817350217966,10.32106554568026,1.0515361843664743,1178.4715447154472,0.0,0.0,0.0,0.0,52.31314348800835,0.3,0.0,0.0,0.0,0.0,450.0,890.2,0.0,0.0,0.847,0.454,1.301,11.361,0.727,0.574,emon,0.909,0.886,24.3,13.3,1.822
2026-09-25 10:45:12.435,4.9,0,23,5;17;23;3;0;13;3;2;2;3;3;0;0;5;0;0,1126,4284,4099;3485;3898;4284;3209;1679;3090;3269;3333;1733;2763;3021;1242;1426;2352;1126,2.0,0.0,888.8,0,0,0,0,0,0.0,0,0,0,0,0,0,0,0,0.0,0,0,0,0,0,0.0,0.0,4681.8,0,0,0,35.1,18.8,63.4,97.72804208150724,0.39277362747504035,6.646006486546702,3.7471045558954157,0.49689133527359314,1156.0731707317073,0.0,0.0,0.0,0.0,52.50508325914057,0.5,0.0,0.0,0.0,0.0,450.0,889.8,0.0,0.0,0.847,0.454,1.301,11.361,0.727,0.574,emon,0.909,0.886,24.3,13.3,1.822
2026-09-25 10:45:13.435,8.5,0,38,8;24;38;6;3;12;0;6;2;16;5;3;2;5;3;3,1407,4438,4191;3362;3939;4438;3342;1977;3302;3201;3398;1983;2805;3373;1664;1582;1407;1523,2.3,0.0,898.2,0,0,0,0,0,0.0,0,0,0,0,0,0,0,0,0.0,0,0,0,0,0,0.0,0.0,4681.8,0,0,0,36.1,18.8,63.4,98.16411613350483,0.1934093417631942,5.403757806255746,2.7974757664392134,0.485328657741992,1135.7537313432836,0.0,0.0,0.0,0.0,53.31743769286506,0.6,0.0,0.0,0.0,0.0,450.0,906.6,0.0,0.0,0.847,0.454,1.301,11.361,0.727,0.574,emon,0.909,0.886,24.3,13.3,1.822
2026-09-25 10:45:14.435,4.6,2,30,3;9;30;2;2;11;2;2;2;3;2;2;2;2;2;2,932,3186,2029;2175;3186;2816;1208;1181;1153;1174;1209;1278;1072;932;1115;1110;1079;1023,1.7,0.0,894.2,0,0,0,0,0,0.0,0,0,0,0,0,0,0,0,0.0,0,0,0,0,0,8.6,0.0,4681.8,0,0,0,34.1,18.8,63.4,98.1801919985057,0.09751801010620215,3.384852049937799,2.398956316499854,0.25912248975967045,1122.6180904522614,0.0,0.0,0.0,0.0,52.283393001137064,0.3,0.0,0.0,0.0,0.0,450.0,894.2,0.0,0.0,0.847,0.454,1.301,11.361,0.727,0.574,emon,0.909,0.886,24.3,13.3,1.822
2026-09-25 10:45:15.435,3.7,0,31,3;13;31;0;0;5;0;0;0;6;0;0;0;2;0;0,1029,2659,1578;1853;2659;2352;1128;1265;1100;1168;1113;1175;1107;1113;1029;1111;1129;1185,1.7,0.0,894.2,0,0,0,0,0,0.0,0,0,0,0,0,0,0,0,0.0,0,0,0,0,0,8.6,0.0,4681.8,0,0,0,34.1,18.8,63.4,97.69195623496144,0.098021319891823,3.3017266057815746,2.1909965112344505,0.20232649768472255,1146.680412371134,0.0,0.0,0.0,0.0,51.32647583672066,0.3,0.0,0.0,0.0,0.0,450.0,894.2,0.0,0.0,0.847,0.454,1.301,11.361,0.727,0.574,emon,0.909,0.886,24.3,13.3,1.822
2026-09-25 10:45:16.436,4.0,0,25,2;25;25;0;0;8;0;0;0;5;0;0;0;0;0;0,1039,3525,2627;2128;3525;1849;1217;1198;1039;1166;1173;1219;1210;1198;1199;1129;1118;1120,1.7,0.0,894.2,0,0,0,0,0,0.0,0,0,0,0,0,0,0,0,0.0,0,0,0,0,0,0.0,0.0,4681.8,0,0,0,36.1,18.8,63.4,97.68620632595486,0.0728321239256507,3.420340261393123,2.063923534018298,0.32897037612067326,1152.3333333333333,0.0,0.0,0.0,0.0,51.86508460323016,0.3,0.0,0.0,0.0,0.0,450.0,894.2,0.0,0.0,0.847,0.454,1.301,11.361,0.727,0.574,emon,0.909,0.886,24.3,13.3,1.822
2026-09-25 10:45:17.436,4.4,0,25,5;24;25;5;0;5;0;0;0;8;0;0;0;0;0;0,1023,2984,1529;2230;2984;2949;1168;1189;1142;1182;1202;1223;1229;1203;1181;1182;1137;1023,2.1,0.0,894.2,0,0,0,0,0,0.0,0,0,0,0,0,0,0,0,0.0,0,0,0,0,0,0.0,0.0,4681.8,0,0,0,36.1,18.8,63.4,97.67203442327578,0.02116343302613259,1.952715692544415,0.4352703299879084,0.13368226028136,1127.5067873303167,0.0,0.0,0.0,0.0,51.943743621332075,0.3,0.0,0.0,0.0,0.0,450.0,894.2,0.0,0.0,0.847,0.454,1.301,11.361,0.727,0.574,emon,0.909,0.886,24.3,13.3,1.822
2026-09-25 10:45:18.437,4.6,0,25,3;25;23;0;0;9;0;0;0;9;2;0;0;0;2;0,1085,3127,2361;2111;3124;3127;1415;1534;1162;1249;1352;1502;1093;1223;1144;1137;1085;1112,1.7,0.0,885.7,0,0,0,0,0,0.0,0,0,0,0,0,0,0,0,0.0,0,0,0,0,0,0.0,0.0,4681.8,0,0,0,34.1,18.8,63.4,97.65033815344985,0.027643095198258454,1.1906007179344187,0.4988822723472757,0.10158449411392212,1146.4489795918366,0.0,0.0,0.0,0.0,51.85791500703413,0.3,0.0,0.0,0.0,0.0,450.0,885.7,0.0,0.0,0.847,0.454,1.301,11.361,0.727,0.574,emon,0.909,0.886,24.3,13.3,1.822
2026-09-25 10:45:19.438,5.3,0,39,2;21;39;0;0;8;0;0;0;14;0;0;0;2;0;0,1057,3112,2893;2329;3112;2301;1199;1203;1057;1209;1193;1199;1128;1209;1091;1163;1180;1115,2.0,0.0,885.7,0,0,0,0,0,0.0,0,0,0,0,0,0,0,0,0.0,0,0,0,0,0,0.0,0.0,4681.8,0,0,0,36.1,18.8,63.4,98.0141761552042,0.03980318533122859,1.7623965118580789,1.1823777378773066,0.18139217682738804,1104.597014925373,0.0,0.0,0.0,0.0,51.13592693810143,0.3,0.0,0.0,0.0,0.0,450.0,885.7,0.0,0.0,0.847,0.454,1.301,11.361,0.727,0.574,emon,0.909,0.886,24.3,13.3,1.822
2026-09-25 10:45:20.438,5.0,0,36,0;29;36;0;0;5;0;0;0;11;0;0;0;0;0;0,1064,3205,1951;2182;3205;2948;1204;1219;2137;1223;1172;1211;1610;1239;1138;1172;1064;1168,1.6,0.0,885.7,0,0,0,0,0,0.0,0,0,0,0,0,0,0,0,0.0,0,0,0,0,0,0.0,0.0,4681.8,0,0,0,35.1,18.8,63.4,97.40669218699138,0.001691369212949212,0.2996943877854695,0.029776290287069667,0.0019345621888836224,1120.875,0.0,0.0,0.0,0.0,51.35887031094171,0.2,0.0,0.0,0.0,0.0,450.0,885.7,0.0,0.0,0.973,0.485,1.458,8.969,0.574,0.884,emon,0.912,0.941,21.3,12.1,1.758
2026-09-25 10:45:21.439,4.3,0,33,6;14;33;2;0;3;0;0;0;11;0;0;0;0;0;0,1011,3607,3247;2750;3163;3607;1180;1174;1198;1184;1204;1357;1207;1165;1011;1012;1135;1087,1.2,0.0,885.7,0,0,0,0,0,0.0,0,0,0,0,0,0,0,0,0.0,0,0,0,0,0,0.0,0.0,4681.8,0,0,0,36.1,18.8,63.4,98.1673950782189,0.19292920665163996,4.651299874083354,3.7274857349872876,0.2538701846318033,1142.2692307692307,0.0,0.0,0.0,0.0,52.24117245181249,0.3,0.0,0.0,0.0,0.0,450.0,885.7,0.0,0.0,0.973,0.485,1.458,8.969,0.574,0.884,emon,0.912,0.941,21.3,12.1,1.758
2026-09-25 10:45:22.439,4.5,0,23,6;15;23;2;0;9;2;0;0;11;2;0;0;2;0;0,899,3828,2678;2674;3828;2086;1127;1238;899;1020;1138;1182;1063;1169;1080;1129;1121;1125,1.5,0.0,885.7,0,0,0,0,0,0.0,0,0,0,0,0,0,0,0,0.0,0,0,0,0,0,0.0,0.0,4681.8,0,0,0,36.1,18.8,63.4,97.6444686534358,0.07328413783226792,2.3609473456939063,1.6845561763518215,0.17661806369570138,1097.5294117647059,0.0,0.0,0.0,0.0,52.29299105988706,0.3,0.0,0.0,0.0,0.0,450.0,885.7,0.0,0.0,0.973,0.485,1.458,8.969,0.574,0.884,emon,0.912,0.941,21.3,12.1,1.758
2026-09-25 10:45:23.440,4.2,0,36,5;17;36;0;0;5;0;0;0;5;0;0;0;0;0;0,1034,3299,2956;2284;3299;2562;1167;1197;1339;1241;1117;1167;1195;1179;1034;1163;1162;1045,0.9,0.0,885.7,0,0,0,0,0,0.0,0,0,0,0,0,0,0,0,0.0,0,0,0,0,0,0.0,0.0,4681.8,0,0,0,36.1,18.8,63.4,97.39513514592097,0.10028555861336517,3.4011827431373542,2.38293900669317,0.3411045439802315,1133.3406593406594,0.0,0.0,0.0,0.0,50.860883578658104,0.3,0.0,0.0,0.0,0.0,450.0,885.7,0.0,0.0,0.973,0.485,1.458,8.969,0.574,0.884,emon,0.912,0.941,21.3,12.1,1.758
2026-09-25 10:45:24.440,5.2,0,33,3;26;33;3;0;12;0;0;0;6;0;0;0;0;0;0,968,2753,2287;2072;2753;2170;1123;1405;1052;1202;987;1263;1096;1037;968;1155;1135;1068,1.4,0.0,885.7,0,0,0,0,0,0.0,0,0,0,0,0,0,0,0,0.0,0,0,0,0,0,18.5,0.0,4681.8,0,0,0,37.1,18.8,63.4,97.71432719279811,0.09155542496291767,3.2278740104172647,2.0186156938044526,0.18498761887354873,1088.9484536082475,0.0,0.0,0.0,0.0,51.89109177833673,0.3,0.0,0.0,0.0,0.0,450.0,885.7,0.0,0.0,0.973,0.485,1.458,8.969,0.574,0.884,emon,0.912,0.941,21.3,12.1,1.758
2026-09-25 10:45:25.441,4.2,0,27,2;18;27;5;0;3;0;0;0;9;0;0;0;2;2;0,1040,3154,2104;2177;3154;2280;1140;1142;1276;1121;1136;1264;1153;1187;1040;1161;1116;1147,1.6,0.0,885.7,0,0,0,0,0,0.0,0,0,0,0,0,0,0,0,0.0,0,0,0,0,0,0.0,0.0,4681.8,0,0,0,33.1,18.8,63.4,96.9095698595047,0.03946465161334345,1.9832841843599454,1.1399064121069387,0.502601076848805,1159.9375,0.0,0.0,0.0,0.0,51.07664089021273,0.2,0.0,0.0,0.0,0.0,450.0,885.7,0.0,0.0,0.973,0.485,1.458,8.969,0.574,0.884,emon,0.912,0.941,21.3,12.1,1.758
2026-09-25 10:45:26.441,4.8,0,31,3;19;31;2;0;8;0;0;0;13;0;0;0;2;0;0,1087,3001,2398;1823;3001;2100;1187;1165;1115;1198;1211;1173;1147;1211;1151;1087;1127;1120,1.6,0.0,885.7,0,0,0,0,0,0.0,0,0,0,0,0,0,0,0,0.0,0,0,0,0,0,0.0,0.0,4681.8,0,0,0,33.1,18.8,63.4,97.61305179017963,0.022526844978777015,1.0135585340586575,0.5738878087281729,0.08013252165130895,1126.5252525252524,0.0,0.0,0.0,0.0,52.34601602695807,0.3,0.0,0.0,0.0,0.0,450.0,885.7,0.0,0.0,0.973,0.485,1.458,8.969,0.574,0.884,emon,0.912,0.941,21.3,12.1,1.758
2026-09-25 10:45:27.442,3.8,0,25,2;12;25;2;0;11;0;0;0;5;0;0;0;5;0;0,1076,3266,1695;2193;3266;2916;1183;1367;1372;1224;1097;1211;1202;1150;1087;1160;1076;1147,1.6,0.0,885.7,0,0,0,0,0,0.0,0,0,0,0,0,0,0,0,0.0,0,0,0,0,0,0.0,0.0,4681.8,0,0,0,35.1,18.8,63.4,96.85217104825107,0.0019045291486139775,0.34786595927946495,0.03464359737029581,0.004787280346323369,1113.5454545454545,0.0,0.0,0.0,0.0,51.782192931030735,0.3,0.0,0.0,0.0,0.0,450.0,885.7,0.0,0.0,0.973,0.485,1.458,8.969,0.574,0.884,emon,0.912,0.941,21.3,12.1,1.758
2026-09-25 10:45:28.442,3.9,0,23,2;17;23;3;0;13;0;0;0;5;0;0;0;0;0;0,1049,3300,1855;2180;3300;2641;1199;1438;1811;1220;1242;1311;1184;1242;1049;1157;1123;1173,1.8,0.0,885.7,0,0,0,0,0,0.0,0,0,0,0,0,0,0,0,0.0,0,0,0,0,0,0.0,0.0,4681.8,0,0,0,35.1,18.8,63.4,97.31088287151412,0.038551873432638877,1.496526967906794,0.9153765489205422,0.229244805428366,1105.953642384106,0.0,0.0,0.0,0.0,51.388595518489545,0.3,0.0,0.0,0.0,0.0,450.0,885.7,0.0,0.0,0.973,0.485,1.458,8.969,0.574,0.884,emon,0.912,0.941,21.3,12.1,1.758
2026-09-25 10:45:29.443,5.0,0,31,9;14;31;5;0;12;0;0;0;9;0;0;0;0;0;0,711,3479,3257;2666;3479;3222;1218;1627;1606;1468;1487;1737;1900;1880;711;949;808;778,1.4,0.0,885.7,0,0,0,0,0,0.0,0,0,0,0,0,0,0,0,0.0,0,0,0,0,0,0.0,0.0,4681.8,0,0,0,37.1,18.8,63.4,98.11704729976587,0.5718883993711887,7.827819479991396,5.298508899737242,0.6530408785343598,1106.0671378091872,0.0,0.0,0.0,0.0,53.350896116069684,0.3,0.0,0.0,0.0,0.0,450.0,891.8,0.0,0.0,0.973,0.485,1.458,8.969,0.574,0.884,emon,0.912,0.941,21.3,12.1,1.758
2026-09-25 10:45:30.443,4.3,0,28,6;12;28;0;0;6;2;0;0;8;0;0;0;6;0;0,978,3296,2531;2072;3296;2886;1166;1213;1105;1163;1067;1270;1094;978;1171;1140;1172;1156,2.5,0.0,891.8,0,0,0,0,0,0.0,0,0,0,0,0,0,0,0,0.0,0,0,0,0,0,19.8,0.0,4681.8,0,0,0,37.1,18.8,63.4,98.09666389950438,0.15747378925312408,8.697194539398128,4.925208725207458,0.9427543745478454,1121.8323699421965,0.0,0.0,0.0,0.0,52.386901391551675,0.4,0.0,0.0,0.0,0.0,450.0,891.8,0.0,0.0,0.973,0.485,1.458,8.969,0.574,0.884,emon,0.912,0.941,21.3,12.1,1.758
2026-09-25 10:45:31.443,4.0,0,26,2;11;26;0;0;13;0;0;0;12;0;0;0;0;0;0,956,3139,2003;2168;3139;2536;956;1270;1380;1239;1015;1331;1100;1648;1159;1134;1179;1170,2.0,0.0,891.1,0,0,0,0,0,0.0,0,0,0,0,0,0,0,0,0.0,0,0,0,0,0,0.0,0.0,4681.8,0,0,0,35.1,18.8,63.4,97.88312047772703,0.0941949804812882,3.6331016734176504,2.3709689961927656,0.29546559938287315,1143.9115044247787,0.0,0.0,0.0,0.0,52.54269675870912,0.3,0.0,0.0,0.0,0.0,450.0,885.8,0.0,0.0,0.973,0.485,1.458,8.969,0.574,0.884,emon,0.912,0.941,21.3,12.1,1.758
2026-09-25 10:45:32.444,3.5,0,29,3;12;29;0;0;5;0;0;0;5;2;0;0;0;0;0,1089,2979,2101;2099;2979;2332;1169;1183;1229;1200;1139;1277;1134;1180;1089;1129;1156;1102,1.2,0.0,885.8,0,0,0,0,0,0.0,0,0,0,0,0,0,0,0,0.0,0,0,0,0,0,0.0,0.0,4681.8,0,0,0,34.1,18.8,63.4,97.81257998288332,0.1049218787559037,3.8569418204190966,2.466452075373177,0.39425691112410277,1156.4175824175825,0.0,0.0,0.0,0.0,52.530943807582936,0.3,0.0,0.0,0.0,0.0,450.0,885.8,0.0,0.0,6.923,0.621,7.543,14.354,0.919,6.624,emon,0.805,0.769,35.5,20.4,1.741
2026-09-25 10:45:33.444,3.9,0,25,3;18;25;3;0;6;0;0;0;6;0;0;0;0;0;0,1017,3022,2006;2047;3022;2686;1151;1293;1017;1204;1165;1245;1114;1192;1070;1116;1056;1094,1.6,0.0,885.8,0,0,0,0,0,0.0,0,0,0,0,0,0,0,0,0.0,0,0,0,0,0,0.0,0.0,4681.8,0,0,0,35.1,18.8,63.4,97.91481836025531,0.015983041774513998,1.13438198572168,0.3933625332563399,0.04053519252472772,1129.048076923077,0.0,0.0,0.0,0.0,52.701069733557794,0.3,0.0,0.0,0.0,0.0,450.0,885.8,0.0,0.0,6.923,0.621,7.543,14.354,0.919,6.624,emon,0.805,0.769,35.5,20.4,1.741
2026-09-25 10:45:34.444,3.4,0,28,0;6;28;0;0;8;0;0;0;11;0;0;0;2;0;0,1015,3342,3029;2378;3342;1907;1213;1267;1181;1121;1228;1284;1330;1226;1064;1070;1083;1015,1.2,0.0,885.8,0,0,0,0,0,0.0,0,0,0,0,0,0,0,0,0.0,0,0,0,0,0,0.0,0.0,4681.8,0,0,0,37.1,18.8,63.4,96.5946652730306,0.1036899476928132,4.292604136715332,2.5012580359044176,0.28841817745318016,1141.9166666666667,0.0,0.0,0.0,0.0,51.983194904277724,0.3,0.0,0.0,0.0,0.0,450.0,885.8,0.0,0.0,6.923,0.621,7.543,14.354,0.919,6.624,emon,0.805,0.769,35.5,20.4,1.741
2026-09-25 10:45:35.445,3.5,0,28,0;9;28;0;0;10;0;0;0;3;0;0;0;5;0;0,1079,3108,2938;2242;3108;2719;1261;1435;1319;1241;1283;1314;1849;1201;1079;1158;1147;1161,1.8,0.0,883.6,0,0,0,0,0,0.0,0,0,0,0,0,0,0,0,0.0,0,0,0,0,0,0.0,0.0,4681.8,0,0,0,36.1,18.8,63.4,97.5272928030005,0.0294485154092175,2.6222315935585736,0.8470721479364057,0.17474167889328365,1130.9905213270142,0.0,0.0,0.0,0.0,53.40652355368103,0.3,0.0,0.0,0.0,0.0,450.0,883.6,0.0,0.0,6.923,0.621,7.543,14.354,0.919,6.624,emon,0.805,0.769,35.5,20.4,1.741
2026-09-25 10:45:36.445,5.3,0,41,2;17;41;2;0;5;0;0;0;12;2;0;0;2;3;0,1023,3763,2618;2397;3496;3763;1158;1395;1288;1207;1155;1260;1380;1195;1023;1050;1037;1107,1.9,0.0,883.6,0,0,0,0,0,0.0,0,0,0,0,0,0,0,0,0.0,0,0,0,0,0,0.0,0.0,4681.8,0,0,0,38.1,18.8,63.4,97.79399979754191,0.041977830901855556,3.0128105423799374,1.3561394781055973,0.21419439519323955,1086.560975609756,0.0,0.0,0.0,0.0,52.10129262078099,0.3,0.0,0.0,0.0,0.0,450.0,883.6,0.0,0.0,6.923,0.621,7.543,14.354,0.919,6.624,emon,0.805,0.769,35.5,20.4,1.741
2026-09-25 10:45:37.446,3.7,0,27,0;12;27;4;0;6;0;0;0;8;0;0;0;2;0;0,978,3128,2099;2323;3128;2981;1305;1461;1253;1230;1411;1473;1558;1300;978;1108;1002;1112,2.1,0.0,885.8,0,0,0,0,0,0.0,0,0,0,0,0,0,0,0,0.0,0,0,0,0,0,0.0,0.0,4681.8,0,0,0,33.1,18.8,63.4,97.93062768523227,0.1652433155113519,5.315503367213244,3.870047742856148,0.6024013102479452,1140.7525773195875,0.0,0.0,0.0,0.0,51.34445805210121,0.3,0.0,0.0,0.0,0.0,450.0,885.8,0.0,0.0,6.923,0.621,7.543,14.354,0.919,6.624,emon,0.805,0.769,35.5,20.4,1.741
2026-09-25 10:45:38.446,4.4,0,28,0;18;28;2;0;10;3;0;0;10;0;0;0;0;0;0,1063,3479,2309;2319;3479;2807;1225;1170;1241;1206;1193;1225;1278;1195;1092;1126;1063;1149,1.8,0.0,883.6,0,0,0,0,0,0.0,0,0,0,0,0,0,0,0,0.0,0,0,0,0,0,0.0,0.0,4681.8,0,0,0,35.1,18.8,63.4,97.90296078603203,0.043719040579696555,1.736557698372854,1.046144218333578,0.08714130615982132,1099.0,0.0,0.0,0.0,0.0,52.66262006834833,0.3,0.0,0.0,0.0,0.0,450.0,883.6,0.0,0.0,6.923,0.621,7.543,14.354,0.919,6.624,emon,0.805,0.769,35.5,20.4,1.741
2026-09-25 10:45:39.447,3.9,0,18,18;3;17;3;0;0;9;3;0;0;9;0;0;0;0;0,1038,3221,2386;2220;2679;3221;1145;1133;1184;1155;1155;1118;1236;1044;1106;1038;1110;1065,1.8,0.0,883.6,0,0,0,0,0,0.0,0,0,0,0,0,0,0,0,0.0,0,0,0,0,0,0.0,0.0,4681.8,0,0,0,33.1,18.8,63.4,97.42122451782227,0.11404979154991451,4.082184680104255,2.7298892414569855,0.2267357376217842,1067.5,0.0,0.0,0.0,0.0,51.32963808059692,0.2,0.0,0.0,0.0,0.0,450.0,883.6,0.0,0.0,6.923,0.621,7.543,14.354,0.919,6.624,emon,0.805,0.769,35.5,20.4,1.741
2026-09-25 10:45:40.447,5.2,0,34,20;3;34;3;0;0;11;2;0;0;11;0;0;0;0;0,1088,3327,2488;1685;3327;2901;1259;1203;1262;1168;1088;1198;1240;1225;1183;1183;1161;1164,1.2,0.0,883.6,0,0,0,0,0,0.0,0,0,0,0,0,0,0,0,0.0,0,0,0,0,0,17.9,0.0,4681.8,0,0,0,34.1,18.8,63.4,98.29156954716977,0.07759734448718769,2.6456502162023074,1.79690676449459,0.24515908194087824,1154.5299539170508,0.0,0.0,0.0,0.0,52.45382945315938,0.3,0.0,0.0,0.0,0.0,450.0,883.6,0.0,0.0,6.923,0.621,7.543,14.354,0.919,6.624,emon,0.805,0.769,35.5,20.4,1.741
2026-09-25 10:45:41.467,3.6,0,25,9;5;25;2;0;0;6;0;0;0;8;0;0;0;2;2,1084,3389,1955;3276;3389;2482;1258;1452;1220;1592;1243;1273;1241;1228;1200;1199;1158;1084,2.5,0.0,868.3,0,0,0,0,0,0.0,0,0,0,0,0,0,0,0,0.0,0,0,0,0,0,0.0,0.0,4681.8,0,0,0,34.1,18.9,63.4,98.01902283130049,0.019100346994906234,1.127524041906506,0.4669741220189398,0.1681877042160553,1122.8095238095239,0.0,0.0,0.0,0.0,51.37105970865204,0.2,0.0,0.0,0.0,0.0,450.0,868.3,0.0,0.0,6.923,0.621,7.543,14.354,0.919,6.624,emon,0.805,0.769,35.5,20.4,1.741
2026-09-25 10:45:42.467,3.8,0,20,14;3;20;2;0;0;8;2;0;0;9;2;0;0;2;0,1110,3404,2547;3274;3341;3404;1174;1141;1336;1133;1164;1110;1334;1160;1177;1159;1151;1113,2.0,0.0,868.3,0,0,0,0,0,0.0,0,0,0,0,0,0,0,0,0.0,0,0,0,0,0,0.0,0.0,4681.8,0,0,0,37.1,18.8,63.4,98.42524050625887,0.2144332599354146,5.043765903033994,2.3520308313755827,0.6141286271268671,1140.8181818181818,0.0,0.0,0.0,0.0,54.64632551388307,0.3,0.0,0.0,0.0,0.0,450.0,868.3,0.0,0.0,6.923,0.621,7.543,14.354,0.919,6.624,emon,0.805,0.769,35.5,20.4,1.741
2026-09-25 10:45:43.468,3.0,0,30,6;2;30;0;0;0;5;0;0;0;6;0;0;0;0;0,1130,2986,1729;1903;2986;2017;1163;1153;1184;1158;1214;1260;1208;1446;1194;1189;1181;1130,1.2,0.0,868.3,0,0,0,0,0,0.0,0,0,0,0,0,0,0,0,0.0,0,0,0,0,0,0.0,0.0,4681.8,0,0,0,33.1,18.8,63.4,97.77770716601079,0.0663013811964348,2.5277060618494995,1.4269249933301518,0.3028726141051491,1145.039603960396,0.0,0.0,0.0,0.0,50.788583430618345,0.2,0.0,0.0,0.0,0.0,450.0,868.3,0.0,0.0,6.923,0.621,7.543,14.354,0.919,6.624,emon,0.805,0.769,35.5,20.4,1.741
2026-09-25 10:45:44.468,6.5,0,33,33;3;32;3;0;0;14;0;0;0;15;0;0;0;5;0,915,4331,3733;4331;4169;4289;2893;1345;1852;1654;2888;1592;2069;2045;1033;915;1310;1067,5.2,0.0,894.4,0,0,0,0,0,0.0,0,0,0,0,0,0,0,0,0.0,0,0,0,0,0,0.0,0.0,4681.8,0,0,0,39.1,18.8,63.4,98.05267864440133,0.5119904747531078,6.967739185997856,5.192276970247534,0.584099247887263,1131.4034334763949,0.0,0.0,0.0,0.0,51.40029859718719,0.6,0.0,0.0,0.0,0.0,450.0,898.4,0.0,0.0,6.923,0.621,7.543,14.354,0.919,6.624,emon,0.805,0.769,35.5,20.4,1.741
2026-09-25 10:45:45.469,7.9,0,42,30;10;42;2;0;0;16;0;2;0;23;0;2;0;0;0,855,4123,3658;3974;3995;4123;2525;2640;2377;1695;2825;3074;2400;2320;878;855;1220;1015,8.8,0.0,898.5,0,0,0,0,0,0.0,0,0,0,0,0,0,0,0,0.0,0,0,0,0,0,20.3,0.0,4681.8,0,0,0,40.1,18.8,63.4,98.66473946991552,2.615963764574336,28.359366946750217,27.52202789628186,2.207215138472406,1166.0498084291187,0.0,0.0,0.0,0.0,52.91014318339441,1.2,0.0,0.0,0.0,0.0,450.0,896.9,0.0,0.0,1.935,0.832,2.767,8.117,0.519,2.248,emon,0.939,0.941,19.0,9.3,2.049
2026-09-25 10:45:46.469,6.4,0,27,22;8;27;0;2;0;21;0;0;0;12;0;0;0;3;6,1100,3406,2296;2685;3131;3406;1201;1100;1260;1163;1246;1186;1215;1139;1172;1117;1154;1142,2.5,0.0,881.4,0,0,0,0,0,0.0,0,0,0,0,0,0,0,0,0.0,0,0,0,0,0,0.0,0.0,4681.8,0,0,0,36.1,18.8,63.4,97.82196402136302,0.012904216801193193,0.6128675788640976,0.31136244893978443,0.1945341253556268,1143.7976878612717,0.0,0.0,0.0,0.0,51.744324820148464,0.4,0.0,0.0,0.0,0.0,450.0,881.4,0.0,0.0,1.935,0.832,2.767,8.117,0.519,2.248,emon,0.939,0.941,19.0,9.3,2.049
2026-09-25 10:45:47.470,5.2,0,27,25;5;27;8;0;0;9;0;0;0;11;0;0;0;0;0,1069,3089,2110;2509;3089;2034;1409;1160;1229;1144;1185;1174;1259;1184;1120;1145;1089;1069,1.5,0.0,881.4,0,0,0,0,0,0.0,0,0,0,0,0,0,0,0,0.0,0,0,0,0,0,0.0,0.0,4681.8,0,0,0,36.1,18.8,63.4,97.45268082132145,0.0018730210597693389,0.32005577313960815,0.03183384317125441,0.0,1117.6224489795918,0.0,0.0,0.0,0.0,52.290240681825246,0.2,0.0,0.0,0.0,0.0,450.0,881.4,0.0,0.0,1.935,0.832,2.767,8.117,0.519,2.248,emon,0.939,0.941,19.0,9.3,2.049
2026-09-25 10:45:48.470,3.6,0,26,18;3;26;0;0;0;6;3;0;0;0;0;0;0;2;0,1045,2964,1994;2299;2964;2113;1139;1125;1261;1221;1119;1082;1310;1099;1045;1181;1078;1059,0.8,0.0,881.4,0,0,0,0,0,0.0,0,0,0,0,0,0,0,0,0.0,0,0,0,0,0,0.0,0.0,4681.8,0,0,0,37.1,18.8,63.4,97.45183619449013,0.002262427249163585,0.3714530571510917,0.03701686312101389,0.0,1132.6842105263158,0.0,0.0,0.0,0.0,52.00051426009128,0.2,0.0,0.0,0.0,0.0,450.0,881.4,0.0,0.0,1.935,0.832,2.767,8.117,0.519,2.248,emon,0.939,0.941,19.0,9.3,2.049
2026-09-25 10:45:49.471,4.3,0,25,17;3;25;0;0;0;9;0;0;0;9;2;0;0;2;2,1135,3041,2132;2550;3041;1536;1233;1328;1196;1224;1241;1244;1201;1162;1151;1175;1135;1184,1.5,0.0,872.9,0,0,0,0,0,0.0,0,0,0,0,0,0,0,0,0.0,0,0,0,0,0,0.0,0.0,4681.8,0,0,0,34.1,18.8,63.4,97.3975435892741,0.0017659493432600154,0.31739984771443736,0.03153997754367689,0.0009083234601550632,1160.9444444444443,0.0,0.0,0.0,0.0,50.81966935396194,0.2,0.0,0.0,0.0,0.0,450.0,872.9,0.0,0.0,1.935,0.832,2.767,8.117,0.519,2.248,emon,0.939,0.941,19.0,9.3,2.049
2026-09-25 10:45:50.473,5.3,0,36,25;5;36;0;0;0;2;0;0;0;15;0;0;0;2;2,1014,2758,2146;2219;2758;1961;1130;1129;1195;1171;1161;1129;1152;1272;1118;1138;1114;1014,0.8,0.0,872.9,0,0,0,0,0,0.0,0,0,0,0,0,0,0,0,0.0,0,0,0,0,0,0.0,0.0,4681.8,0,0,0,32.1,18.9,63.4,98.36270123650046,0.00199940387837534,0.30110319449621087,0.029904723189332905,0.0,1076.9411764705883,0.0,0.0,0.0,0.0,52.06821588751148,0.2,0.0,0.0,0.0,0.0,450.0,872.9,0.0,0.0,1.935,0.832,2.767,8.117,0.519,2.248,emon,0.939,0.941,19.0,9.3,2.049
2026-09-25 10:45:51.473,4.2,0,24,24;2;19;2;0;0;5;2;0;0;14;0;0;0;2;0,1089,2606,1979;1625;2458;2606;1140;1178;1194;1149;1102;1110;1220;1156;1167;1089;1130;1147,0.8,0.0,872.9,0,0,0,0,0,0.0,0,0,0,0,0,0,0,0,0.0,0,0,0,0,0,0.0,0.0,4681.8,0,0,0,32.1,18.8,63.4,97.43770765750966,0.0017781672448766953,0.3087436765273835,0.030759439174521792,0.0,1106.712765957447,0.0,0.0,0.0,0.0,51.48320987995,0.3,0.0,0.0,0.0,0.0,450.0,872.9,0.0,0.0,1.935,0.832,2.767,8.117,0.519,2.248,emon,0.939,0.941,19.0,9.3,2.049
2026-09-25 10:45:52.474,6.0,0,34,26;2;34;0;0;0;11;0;0;0;11;0;2;2;6;3,1090,3608,2315;1784;3061;3608;1186;1186;1402;1268;1129;1128;1244;1185;1153;1158;1090;1115,1.5,0.0,872.9,0,0,0,0,0,0.0,0,0,0,0,0,0,0,0,0.0,0,0,0,0,0,0.0,0.0,4681.8,0,0,0,33.1,18.8,63.4,97.24325500835072,0.002277423442468386,0.3814619014208967,0.03795351456342773,0.0,1127.409090909091,0.0,0.0,0.0,0.0,50.29482557184317,0.2,0.0,0.0,0.0,0.0,450.0,872.9,0.0,0.0,1.935,0.832,2.767,8.117,0.519,2.248,emon,0.939,0.941,19.0,9.3,2.049
2026-09-25 10:45:53.474,4.4,0,30,18;2;30;0;0;0;6;0;0;0;8;0;0;0;6;0,1037,2789,2308;2188;2789;2672;1213;1182;1238;1258;1037;1186;1266;1258;1057;1152;1190;1130,1.4,0.0,872.9,0,0,0,0,0,0.0,0,0,0,0,0,0,0,0,0.0,0,0,0,0,0,0.0,0.0,4681.8,0,0,0,33.1,18.8,63.4,97.56669314080777,0.0017997741327860377,0.3063308997027701,0.030430754771528963,0.007891555654935996,1077.491620111732,0.0,0.0,0.0,0.0,51.69832670322344,0.3,0.0,0.0,0.0,0.0,450.0,872.9,0.0,0.0,1.935,0.832,2.767,8.117,0.519,2.248,emon,0.939,0.941,19.0,9.3,2.049
2026-09-25 10:45:54.475,4.5,0,25,24;0;25;0;0;0;6;3;0;0;8;2;0;0;3;2,892,3121,2119;3009;3121;2219;1139;1152;1244;1170;1139;1113;1209;1154;1000;892;1141;1174,1.0,0.0,872.9,0,0,0,0,0,0.0,0,0,0,0,0,0,0,0,0.0,0,0,0,0,0,0.0,0.0,4681.8,0,0,0,35.1,18.8,63.4,97.2534776271734,0.0019976178615676112,0.3492036118991393,0.03474908773052065,0.013262340897007993,1141.857142857143,0.0,0.0,0.0,0.0,50.685157958726236,0.2,0.0,0.0,0.0,0.0,450.0,872.9,0.0,0.0,1.935,0.832,2.767,8.117,0.519,2.248,emon,0.939,0.941,19.0,9.3,2.049
2026-09-25 10:45:55.475,5.6,0,28,21;8;28;0;0;0;8;0;0;0;17;2;0;0;5;3,944,3404,2365;2696;3404;2357;1136;1191;1279;1207;1214;1213;1279;1505;1055;944;1207;1017,1.4,0.0,872.9,0,0,0,0,0,0.0,0,0,0,0,0,0,0,0,0.0,0,0,0,0,0,11.0,0.0,4681.8,0,0,0,34.1,18.8,63.4,98.1688521220422,0.0019149579472244956,0.3163194721905973,0.03141674597342913,0.0,1070.2041884816754,0.0,0.0,0.0,0.0,52.692892105089435,0.3,0.0,0.0,0.0,0.0,450.0,872.9,0.0,0.0,1.935,0.832,2.767,8.117,0.519,2.248,emon,0.939,0.941,19.0,9.3,2.049
2026-09-25 10:45:56.475,4.7,0,26,26;3;25;5;0;0;9;0;0;0;8;0;0;0;0;0,1056,2971,2143;1842;2971;2293;1214;1186;1179;1202;1216;1171;1188;1222;1138;1162;1087;1056,0.8,0.0,872.9,0,0,0,0,0,0.0,0,0,0,0,0,0,0,0,0.0,0,0,0,0,0,0.0,0.0,4681.8,0,0,0,35.1,18.8,63.4,97.47964019775391,0.0020374878520473235,0.3297896133081333,0.032799375339134317,0.0029587739222758525,1116.027027027027,0.0,0.0,0.0,0.0,52.179020531596365,0.2,0.0,0.0,0.0,0.0,450.0,872.9,0.0,0.0,1.935,0.832,2.767,8.117,0.519,2.248,emon,0.939,0.941,19.0,9.3,2.049
2026-09-25 10:45:57.476,4.5,0,25,17;5;25;0;0;0;12;0;0;0;11;0;0;0;2;0,1017,3511,1777;1628;3108;3511;1101;1097;1217;1210;1138;1154;1190;1147;1017;1060;1102;1052,1.5,0.0,872.9,0,0,0,0,0,0.0,0,0,0,0,0,0,0,0,0.0,0,0,0,0,0,0.0,0.0,4681.8,0,0,0,34.1,18.8,63.4,97.82382513682047,0.001955279337319856,0.3357100850592057,0.03333444645783554,0.0016877233982086181,1131.9166666666667,0.0,0.0,0.0,0.0,51.1054982231309,0.2,0.0,0.0,0.0,0.0,450.0,872.9,0.0,0.0,0.9,0.393,1.293,10.08,0.645,0.648,emon,0.776,0.762,281.2,174.8,1.609
2026-09-25 10:45:58.476,4.0,0,30,18;0;30;0;0;0;5;0;0;0;11;0;0;0;0;0,1123,3169,2511;2592;3169;2187;1396;1435;1369;1244;1413;1447;1298;1123;1166;1159;1160;1149,1.4,0.0,872.9,0,0,0,0,0,0.0,0,0,0,0,0,0,0,0,0.0,0,0,0,0,0,0.0,0.0,4681.8,0,0,0,34.1,18.8,63.4,97.57130598514638,0.001951610198259314,0.32573445077906266,0.032399115043672475,0.0029946318332185135,1148.2021276595744,0.0,0.0,0.0,0.0,53.04774338545951,0.2,0.0,0.0,0.0,0.0,450.0,872.9,0.0,0.0,0.9,0.393,1.293,10.08,0.645,0.648,emon,0.776,0.762,281.2,174.8,1.609
2026-09-25 10:45:59.477,3.7,0,25,11;0;25;0;0;0;15;0;0;0;6;0;0;0;2;0,912,3267,2534;2204;3267;2506;1205;1182;1260;1160;959;912;1201;1171;1124;1170;1150;1059,0.9,0.0,872.9,0,0,0,0,0,0.0,0,0,0,0,0,0,0,0,0.0,0,0,0,0,0,0.0,0.0,4681.8,0,0,0,35.1,18.9,63.4,97.42901184082031,0.0016520527331158519,0.32159915536642075,0.031991534810513256,0.0,1153.5,0.0,0.0,0.0,0.0,52.32248788192868,0.2,0.0,0.0,0.0,0.0,450.0,872.9,0.0,0.0,0.9,0.393,1.293,10.08,0.645,0.648,emon,0.776,0.762,281.2,174.8,1.609
2026-09-25 10:46:00.477,5.9,0,30,23;8;30;2;0;0;12;2;0;0;12;3;0;0;2;2,1104,3266,2479;2786;2768;3266;1168;1172;1216;1224;1184;1180;1258;1203;1104;1147;1250;1158,1.5,0.0,872.9,0,0,0,0,0,0.0,0,0,0,0,0,0,0,0,0.0,0,0,0,0,0,18.9,0.0,4681.8,0,0,0,37.1,18.8,63.4,97.76413813325547,0.002032169996888002,0.31160270265236345,0.03099938184887017,0.014180293018670426,1063.9484536082475,0.0,0.0,0.0,0.0,52.456317110313584,0.3,0.0,0.0,0.0,0.0,450.0,872.9,0.0,0.0,0.9,0.393,1.293,10.08,0.645,0.648,emon,0.776,0.762,281.2,174.8,1.609
2026-09-25 10:46:01.477,4.1,0,25,17;3;25;0;0;0;6;0;0;0;9;3;0;0;2;0,1121,3241,2144;2182;3241;2908;1290;1182;1213;1196;1301;1179;1222;1458;1147;1121;1166;1139,0.9,0.0,872.9,0,0,0,0,0,0.0,0,0,0,0,0,0,0,0,0.0,0,0,0,0,0,0.0,0.0,4681.8,0,0,0,37.1,18.8,63.4,97.67694016865322,0.0017849009735592908,0.33937792892434765,0.03379970258434436,0.0,1132.9285714285713,0.0,0.0,0.0,0.0,52.079250945842695,0.2,0.0,0.0,0.0,0.0,450.0,872.9,0.0,0.0,0.9,0.393,1.293,10.08,0.645,0.648,emon,0.776,0.762,281.2,174.8,1.609
2026-09-25 10:46:02.478,4.3,0,24,24;0;23;3;0;0;6;0;0;0;9;0;0;0;3;0,1027,2947,2066;2684;2947;2545;1182;1132;1175;1253;1187;1102;1190;1115;1118;1044;1027;1078,0.9,0.0,872.9,0,0,0,0,0,0.0,0,0,0,0,0,0,0,0,0.0,0,0,0,0,0,0.0,0.0,4681.8,0,0,0,33.1,18.8,63.4,97.05110904693603,0.001686115843767766,0.3108181509375572,0.030884158220142125,0.009282128363847732,1153.0,0.0,0.0,0.0,0.0,51.815209182053806,0.3,0.0,0.0,0.0,0.0,450.0,870.9,0.0,0.0,0.9,0.393,1.293,10.08,0.645,0.648,emon,0.776,0.762,281.2,174.8,1.609
2026-09-25 10:46:03.478,4.1,0,21,15;3;21;3;0;0;8;0;0;0;6;2;2;0;5;2,1065,2785,2140;2557;2785;2387;1111;1120;1174;1156;1103;1182;1180;1065;1185;1167;1174;1077,1.6,0.0,870.9,0,0,0,0,0,0.0,0,0,0,0,0,0,0,0,0.0,0,0,0,0,0,0.0,0.0,4681.8,0,0,0,33.1,18.8,63.4,97.20757258049795,0.0019054065385580969,0.33829018807856837,0.03370541179221924,0.00751281285954413,1153.6728971962616,0.0,0.0,0.0,0.0,51.67644435724365,0.2,0.0,0.0,0.0,0.0,450.0,870.9,0.0,0.0,0.9,0.393,1.293,10.08,0.645,0.648,emon,0.776,0.762,281.2,174.8,1.609
2026-09-25 10:46:04.478,4.6,0,30,18;3;30;0;2;0;6;0;0;0;11;0;0;0;3;0,1074,3372,2536;2380;3167;3372;1074;1225;1191;1193;1216;1213;1199;1218;1226;1148;1276;1173,1.4,0.0,870.9,0,0,0,0,0,0.0,0,0,0,0,0,0,0,0,0.0,0,0,0,0,0,0.0,0.0,4681.8,0,0,0,34.1,18.8,63.4,97.48512992667193,0.0018424846310327624,0.3374760857778578,0.03359171790047432,0.014525375773559264,1122.6180904522614,0.0,0.0,0.0,0.0,51.583284535300194,0.3,0.0,0.0,0.0,0.0,450.0,870.9,0.0,0.0,0.9,0.393,1.293,10.08,0.645,0.648,emon,0.776,0.762,281.2,174.8,1.609
2026-09-25 10:46:05.479,3.9,0,28,17;4;28;0;0;0;2;0;0;0;11;0;0;0;2;0,992,3136,2407;2636;3136;3005;992;1016;1173;1192;1116;1091;1176;1161;1132;1082;1085;1136,1.0,0.0,870.9,0,0,0,0,0,0.0,0,0,0,0,0,0,0,0,0.0,0,0,0,0,0,0.0,0.0,4681.8,0,0,0,34.1,18.8,63.4,97.97975525881517,0.0020681141276799025,0.3080048159482007,0.030596721608610076,0.0015620721533974224,1104.8823529411766,0.0,0.0,0.0,0.0,51.62972886238825,0.2,0.0,0.0,0.0,0.0,450.0,870.9,0.0,0.0,0.9,0.393,1.293,10.08,0.645,0.648,emon,0.776,0.762,281.2,174.8,1.609
2026-09-25 10:46:06.479,5.1,0,31,18;2;31;3;0;0;8;2;0;0;9;2;0;2;5;2,1124,2681,2022;1925;2681;2494;1200;1149;1219;1172;1166;1124;1193;1184;1160;1229;1194;1194,1.4,0.0,870.9,0,0,0,0,0,0.0,0,0,0,0,0,0,0,0,0.0,0,0,0,0,0,0.0,0.0,4681.8,0,0,0,33.1,18.8,63.4,96.81833558924058,0.001747619584956042,0.3370458463973859,0.03353074387482861,0.010371607399600394,1124.3676470588234,0.0,0.0,0.0,0.0,50.283238601268216,0.2,0.0,0.0,0.0,0.0,450.0,870.9,0.0,0.0,0.9,0.393,1.293,10.08,0.645,0.648,emon,0.776,0.762,281.2,174.8,1.609
2026-09-25 10:46:07.480,4.6,0,28,17;2;28;2;0;0;16;3;0;0;3;0;2;0;2;0,958,2753,2167;1813;2753;2313;1148;1104;1224;1107;1144;993;1183;1140;1172;958;1078;1160,0.8,0.0,870.9,0,0,0,0,0,0.0,0,0,0,0,0,0,0,0,0.0,0,0,0,0,0,0.0,0.0,4681.8,0,0,0,34.1,18.8,63.4,97.40301849070379,0.0017510293991358924,0.30597268203318406,0.030392415803555704,0.0,1133.0579710144928,0.0,0.0,0.0,0.0,51.502635419512714,0.2,0.0,0.0,0.0,0.0,450.0,870.9,0.0,0.0,0.9,0.393,1.293,10.08,0.645,0.648,emon,0.776,0.762,281.2,174.8,1.609
2026-09-25 10:46:08.480,3.7,0,23,13;2;23;0;0;0;10;2;0;0;6;2;0;2;2;0,907,2713,1719;1910;2713;1454;1126;1189;1188;1118;1118;1202;1235;1131;1183;907;1112;1077,1.5,0.0,870.9,0,0,0,0,0,0.0,0,0,0,0,0,0,0,0,0.0,0,0,0,0,0,0.0,0.0,4681.8,0,0,0,32.1,18.8,63.4,97.52343401448981,0.0016942584309797867,0.31458292856131714,0.03130932899220341,0.009070622739453001,1114.228426395939,0.0,0.0,0.0,0.0,50.73972379601546,0.2,0.0,0.0,0.0,0.0,450.0,870.9,0.0,0.0,0.9,0.393,1.293,10.08,0.645,0.648,emon,0.776,0.762,281.2,174.8,1.609
2026-09-25 10:46:09.481,3.6,0,20,3;15;20;2;0;0;0;5;0;0;0;8;2;0;0;3,854,2782,2256;1991;2782;1908;1218;854;1117;1190;1324;1283;1373;1225;951;1193;1346;1246,1.5,0.0,870.9,0,0,0,0,0,0.0,0,0,0,0,0,0,0,0,0.0,0,0,0,0,0,0.0,0.0,4681.8,0,0,0,32.1,18.8,63.4,96.70062770014223,0.0017972735421727007,0.3276413170539815,0.03256791559776858,0.0,1143.0217391304348,0.0,0.0,0.0,0.0,50.28830316152585,0.3,0.0,0.0,0.0,0.0,450.0,870.9,0.0,0.0,0.9,0.393,1.293,10.08,0.645,0.648,emon,0.776,0.762,281.2,174.8,1.609
2026-09-25 10:46:10.481,4.5,0,20,0;20;20;2;2;0;0;14;0;0;0;11;2;0;0;3,837,3043,2457;2075;3043;1947;1118;1217;1220;1255;1151;1228;1233;1346;837;977;922;1099,0.9,0.0,870.9,0,0,0,0,0,0.0,0,0,0,0,0,0,0,0,0.0,0,0,0,0,0,4.4,0.0,4681.8,0,0,0,33.1,18.8,63.4,97.51757151285807,0.0016659963017445988,0.32114994476238884,0.03193782391026616,0.0,1113.5833333333333,0.0,0.0,0.0,0.0,50.326257990300654,0.2,0.0,0.0,0.0,0.0,450.0,870.9,0.0,0.0,0.708,0.356,1.064,16.203,1.037,0.027,emon,0.946,0.895,34.9,23.1,1.514
2026-09-25 10:46:11.482,3.3,0,24,2;11;24;2;0;0;0;6;0;0;0;5;0;0;0;3,1045,3307,2677;2352;3307;2581;1117;1045;1050;1222;1131;1148;1163;1249;1220;1211;1199;1284,1.5,0.0,870.9,0,0,0,0,0,0.0,0,0,0,0,0,0,0,0,0.0,0,0,0,0,0,0.0,0.0,4681.8,0,0,0,35.1,18.8,63.4,97.32213390923535,0.00173987972280469,0.3030958238197732,0.0301416855054507,0.00755109996993307,1099.259067357513,0.0,0.0,0.0,0.0,52.157566972192704,0.3,0.0,0.0,0.0,0.0,450.0,870.9,0.0,0.0,0.708,0.356,1.064,16.203,1.037,0.027,emon,0.946,0.895,34.9,23.1,1.514
2026-09-25 10:46:12.482,3.8,0,20,0;20;17;2;0;0;0;8;0;0;0;6;0;2;2;5,941,3039,2340;1871;3039;1724;1204;1167;1185;1170;1173;1178;1164;1181;1145;1131;941;1165,0.9,0.0,870.9,0,0,0,0,0,0.0,0,0,0,0,0,0,0,0,0.0,0,0,0,0,0,0.0,0.0,4681.8,0,0,0,35.1,18.8,63.4,96.16415634155274,0.0021813258101853234,0.4371051785018709,0.04357596764134036,0.0,1096.7777777777778,0.0,0.0,0.0,0.0,50.30279804733065,0.2,0.0,0.0,0.0,0.0,450.0,870.9,0.0,0.0,0.708,0.356,1.064,16.203,1.037,0.027,emon,0.946,0.895,34.9,23.1,1.514
2026-09-25 10:46:13.483,4.5,0,22,0;22;20;5;0;0;0;8;0;0;0;6;3;2;0;6,1087,3044,2086;2293;3044;3030;1121;1170;1197;1158;1214;1204;1200;1155;1096;1107;1087;1215,1.6,0.0,870.9,0,0,0,0,0,0.0,0,0,0,0,0,0,0,0,0.0,0,0,0,0,0,0.0,0.0,4681.8,0,0,0,36.1,18.8,63.4,97.58649063110352,0.0016762106967386596,0.3037581415846944,0.03018818867470448,0.0012656381004489958,1113.3229166666667,0.0,0.0,0.0,0.0,50.825332203491904,0.2,0.0,0.0,0.0,0.0,450.0,870.9,0.0,0.0,0.708,0.356,1.064,16.203,1.037,0.027,emon,0.946,0.895,34.9,23.1,1.514
2026-09-25 10:46:14.483,2.9,0,21,2;21;16;0;0;0;0;5;0;0;0;3;0;0;0;0,1108,2908,1963;2220;2908;2850;1190;1211;1109;1159;1211;1210;1200;1182;1108;1172;1181;1137,1.6,0.0,870.9,0,0,0,0,0,0.0,0,0,0,0,0,0,0,0,0.0,0,0,0,0,0,0.0,0.0,4681.8,0,0,0,33.1,18.8,63.4,97.20252111098345,0.0019745716657352578,0.3386253314859727,0.03370608572355088,0.0010363256230073816,1136.3529411764705,0.0,0.0,0.0,0.0,51.4729015445008,0.3,0.0,0.0,0.0,0.0,450.0,870.9,0.0,0.0,0.708,0.356,1.064,16.203,1.037,0.027,emon,0.946,0.895,34.9,23.1,1.514
2026-09-25 10:46:15.484,3.8,0,25,3;17;25;0;0;0;0;6;0;0;0;6;0;0;0;3,1090,3016,2390;2230;3016;2711;1090;1252;1248;1232;1233;1325;1210;1286;1100;1171;1177;1170,1.3,0.0,870.9,0,0,0,0,0,0.0,0,0,0,0,0,0,0,0,0.0,0,0,0,0,0,0.0,0.0,4681.8,0,0,0,35.1,18.8,63.4,97.80123764791607,0.0020621849315953845,0.31697250957842227,0.03149256642539928,0.0,1097.148148148148,0.0,0.0,0.0,0.0,50.300877504510645,0.2,0.0,0.0,0.0,0.0,450.0,870.9,0.0,0.0,0.708,0.356,1.064,16.203,1.037,0.027,emon,0.946,0.895,34.9,23.1,1.514
2026-09-25 10:46:16.484,3.7,0,28,5;12;28;3;0;0;0;3;0;0;0;5;0;0;0;3,1032,3233,2152;1863;3067;3233;1192;1032;1178;1353;1190;1188;1192;1230;1169;1161;1040;1175,0.7,0.0,870.9,0,0,0,0,0,0.0,0,0,0,0,0,0,0,0,0.0,0,0,0,0,0,18.5,0.0,4681.8,0,0,0,33.1,18.8,63.4,97.81427125780995,0.0018196329564351041,0.30877971399516957,0.030706664444927458,0.0,1086.958115183246,0.0,0.0,0.0,0.0,52.16446688630818,0.2,0.0,0.0,0.0,0.0,450.0,870.9,0.0,0.0,0.708,0.356,1.064,16.203,1.037,0.027,emon,0.946,0.895,34.9,23.1,1.514
2026-09-25 10:46:17.485,4.5,0,25,3;20;25;0;0;0;0;18;0;0;0;5;2;0;0;0,905,2649,2156;1873;2649;1994;1121;905;1159;1182;1277;1171;1132;1173;1145;1129;1157;1108,1.5,0.0,870.9,0,0,0,0,0,0.0,0,0,0,0,0,0,0,0,0.0,0,0,0,0,0,0.0,0.0,4681.8,0,0,0,33.1,18.8,63.4,97.54371292114257,0.0017060135933570563,0.31366866156458856,0.031206393102183937,0.0009132812172174454,1133.0,0.0,0.0,0.0,0.0,50.82472001835704,0.2,0.0,0.0,0.0,0.0,450.0,870.9,0.0,0.0,0.708,0.356,1.064,16.203,1.037,0.027,emon,0.946,0.895,34.9,23.1,1.514
2026-09-25 10:46:18.485,4.9,0,29,0;21;29;8;2;0;0;8;0;0;0;9;2;0;0;0,1094,3132,2696;2167;3132;2335;1202;1234;1198;1201;1223;1234;1249;1169;1105;1094;1188;1155,0.9,0.0,870.9,0,0,0,0,0,0.0,0,0,0,0,0,0,0,0,0.0,0,0,0,0,0,0.0,0.0,4681.8,0,0,0,33.1,18.8,63.4,97.8551704364116,0.0018444796494083407,0.30682302045755544,0.030509000592058598,0.0,1112.6871508379888,0.0,0.0,0.0,0.0,50.581429916387165,0.2,0.0,0.0,0.0,0.0,450.0,870.9,0.0,0.0,0.708,0.356,1.064,16.203,1.037,0.027,emon,0.946,0.895,34.9,23.1,1.514
2026-09-25 10:46:19.486,4.7,0,35,3;20;35;0;0;0;0;6;0;0;0;9;2;0;0;0,1075,3076,2210;1943;3076;2192;1196;1147;1202;1191;1075;1151;1161;1186;1137;1138;1112;1122,1.6,0.0,870.9,0,0,0,0,0,0.0,0,0,0,0,0,0,0,0,0.0,0,0,0,0,0,0.0,0.0,4681.8,0,0,0,34.1,18.8,63.4,97.01616114863643,0.0017353933084652655,0.3222888562414381,0.03206186315251721,0.0031155007856863517,1124.5555555555557,0.0,0.0,0.0,0.0,50.662930120582935,0.3,0.0,0.0,0.0,0.0,450.0,870.9,0.0,0.0,0.708,0.356,1.064,16.203,1.037,0.027,emon,0.946,0.895,34.9,23.1,1.514
2026-09-25 10:46:20.486,4.4,0,32,2;17;32;2;0;0;0;12;0;0;0;6;0;0;0;0,933,2748,2203;2002;2748;2060;1641;1121;933;1423;1207;1213;1213;1264;1155;1151;1147;1114,1.4,0.0,870.9,0,0,0,0,0,0.0,0,0,0,0,0,0,0,0,0.0,0,0,0,0,0,0.0,0.0,4681.8,0,0,0,35.1,18.8,63.4,96.97120708050115,0.001822410104825106,0.29419670268745707,0.02926140364102724,0.0,1133.4059405940593,0.0,0.0,0.0,0.0,51.38451956876434,0.2,0.0,0.0,0.0,0.0,450.0,870.9,0.0,0.0,0.708,0.356,1.064,16.203,1.037,0.027,emon,0.946,0.895,34.9,23.1,1.514
2026-09-25 10:46:21.487,4.5,0,23,2;16;23;3;0;0;0;12;0;0;0;8;0;2;0;6,993,3266,2042;2342;3266;3022;1091;1171;1063;1160;1161;1227;1227;1190;993;1041;1026;1249,0.8,0.0,870.9,0,0,0,0,0,0.0,0,0,0,0,0,0,0,0,0.0,0,0,0,0,0,0.0,0.0,4681.8,0,0,0,34.1,18.8,63.4,97.2822967351869,0.0025091913980865026,0.39571362577898556,0.03940235725928878,0.0,1119.9302325581396,0.0,0.0,0.0,0.0,52.64198896739372,0.3,0.0,0.0,0.0,0.0,450.0,870.9,0.0,0.0,0.708,0.356,1.064,16.203,1.037,0.027,emon,0.946,0.895,34.9,23.1,1.514
2026-09-25 10:46:22.487,4.3,0,33,0;18;33;0;0;0;0;11;0;0;0;6;2;0;0;0,1115,3422,3281;2388;3422;3075;1154;1201;1191;1293;1499;1189;1210;1298;1178;1136;1115;1127,1.5,0.0,870.9,0,0,0,0,0,0.0,0,0,0,0,0,0,0,0,0.0,0,0,0,0,0,0.0,0.0,4681.8,0,0,0,35.1,18.8,63.4,97.84176292419434,0.0018234351705177687,0.306118156760931,0.030436630402691664,0.040023216605186464,1103.75,0.0,0.0,0.0,0.0,53.34135318726301,0.2,0.0,0.0,0.0,0.0,450.0,870.9,0.0,0.0,8.861,0.771,9.633,12.107,0.775,8.858,emon,0.944,0.88,29.0,16.3,1.775
2026-09-25 10:46:23.488,5.4,0,30,3;24;30;0;0;0;0;11;0;0;0;12;2;0;0;5,1037,3009,2216;1912;3009;2147;1037;1143;1334;1277;1163;1137;1147;1250;1037;1135;1062;1287,0.9,0.0,870.9,0,0,0,0,0,0.0,0,0,0,0,0,0,0,0,0.0,0,0,0,0,0,0.0,0.0,4681.8,0,0,0,35.1,18.8,63.4,97.69183276561981,0.0018794446439913256,0.3287411507298338,0.03270249460090665,0.00043528408129164516,1130.3829787234042,0.0,0.0,0.0,0.0,50.341021936466085,0.3,0.0,0.0,0.0,0.0,450.0,870.9,0.0,0.0,8.861,0.771,9.633,12.107,0.775,8.858,emon,0.944,0.88,29.0,16.3,1.775
2026-09-25 10:46:24.488,4.7,0,30,2;15;30;5;0;0;0;12;0;0;0;8;0;0;0;3,1038,3101,2467;1939;3101;2056;1168;1417;1100;1167;1230;1038;1097;1166;1087;1111;1137;1193,1.6,0.0,870.9,0,0,0,0,0,0.0,0,0,0,0,0,0,0,0,0.0,0,0,0,0,0,0.0,0.0,4681.8,0,0,0,32.1,18.8,63.4,97.76805396053378,0.0018666166218398294,0.323969981357372,0.03223250377611075,0.0047731939807284475,1095.0893854748604,0.0,0.0,0.0,0.0,52.096046860324606,0.2,0.0,0.0,0.0,0.0,450.0,870.9,0.0,0.0,8.861,0.771,9.633,12.107,0.775,8.858,emon,0.944,0.88,29.0,16.3,1.775
2026-09-25 10:46:25.489,5.5,0,26,2;26;23;3;0;0;0;12;0;0;0;12;2;2;0;6,773,3060,2691;2613;3060;2390;1047;1221;1087;1195;1117;1134;1123;1198;822;773;1082;1228,1.4,0.0,870.9,0,0,0,0,0,0.0,0,0,0,0,0,0,0,0,0.0,0,0,0,0,0,0.0,0.0,4681.8,0,0,0,33.1,18.8,63.4,97.21742305960707,0.002212755120439475,0.38941292192346305,0.03874312367250202,0.0,1137.7096774193549,0.0,0.0,0.0,0.0,50.85135027349636,0.2,0.0,0.0,0.0,0.0,450.0,870.9,0.0,0.0,8.861,0.771,9.633,12.107,0.775,8.858,emon,0.944,0.88,29.0,16.3,1.775
2026-09-25 10:46:26.489,3.7,0,16,5;11;16;3;0;0;0;16;0;0;0;8;0;0;0;2,1093,3128,1867;2127;3128;2688;1262;1238;1236;1291;1237;1260;1294;1253;1103;1093;1158;1097,1.4,0.0,870.9,0,0,0,0,0,0.0,0,0,0,0,0,0,0,0,0.0,0,0,0,0,0,0.0,0.0,4681.8,0,0,0,33.1,18.8,63.4,97.86119742142527,0.001757327622219332,0.31464592688962034,0.031291459196884384,0.002416615737111945,1108.7368421052631,0.0,0.0,0.0,0.0,51.884951737758364,0.2,0.0,0.0,0.0,0.0,450.0,870.9,0.0,0.0,8.861,0.771,9.633,12.107,0.775,8.858,emon,0.944,0.88,29.0,16.3,1.775
2026-09-25 10:46:27.489,4.1,0,22,5;17;22;2;0;0;0;6;0;0;0;8;0;0;0;6,1108,2975,2849;2305;2975;2558;1631;1108;1207;1231;1610;1191;1205;1258;1138;1127;1140;1159,0.9,0.0,870.9,0,0,0,0,0,0.0,0,0,0,0,0,0,0,0,0.0,0,0,0,0,0,0.0,0.0,4681.8,0,0,0,35.1,18.8,63.4,97.34420675203945,0.001945827115785063,0.32626506216947543,0.03246280693999641,0.0003466431607198979,1113.6408839779006,0.0,0.0,0.0,0.0,51.7084633278254,0.2,0.0,0.0,0.0,0.0,450.0,870.9,0.0,0.0,8.861,0.771,9.633,12.107,0.775,8.858,emon,0.944,0.88,29.0,16.3,1.775
2026-09-25 10:46:28.490,3.2,0,17,0;14;17;2;2;0;0;8;0;0;0;5;3;0;0;2,1028,3183,3183;1772;2923;2166;1111;1180;1028;1196;1180;1165;1176;1164;1141;1165;1162;1171,1.5,0.0,870.9,0,0,0,0,0,0.0,0,0,0,0,0,0,0,0,0.0,0,0,0,0,0,0.0,0.0,4681.8,0,0,0,34.1,18.8,63.4,97.34740527264483,0.001666112999846046,0.32258930782993117,0.03207250134172765,0.000964899632063779,1114.2597402597403,0.0,0.0,0.0,0.0,52.28923226157566,0.3,0.0,0.0,0.0,0.0,450.0,870.9,0.0,0.0,8.861,0.771,9.633,12.107,0.775,8.858,emon,0.944,0.88,29.0,16.3,1.775
2026-09-25 10:46:29.490,4.5,0,28,5;20;28;0;0;0;0;8;0;0;0;9;0;0;0;3,1061,3077,2426;2286;3077;2984;1247;1145;1216;1304;1536;1401;1524;1337;1147;1061;1066;1102,0.8,0.0,870.9,0,0,0,0,0,0.0,0,0,0,0,0,0,0,0,0.0,0,0,0,0,0,0.0,0.0,4681.8,0,0,0,35.1,18.8,63.4,97.64014217396475,0.0018258788267034708,0.31579629976514706,0.03139006386033303,0.005255825972001169,1144.0777202072538,0.0,0.0,0.0,0.0,52.08830016460559,0.2,0.0,0.0,0.0,0.0,450.0,870.9,0.0,0.0,8.861,0.771,9.633,12.107,0.775,8.858,emon,0.944,0.88,29.0,16.3,1.775
2026-09-25 10:46:30.491,3.9,0,25,5;16;25;2;0;0;0;9;0;0;0;3;0;0;0;3,1118,3139,3050;2489;3139;2327;1212;1154;1203;1198;1213;1189;1172;1210;1147;1140;1118;1181,1.5,0.0,870.9,0,0,0,0,0,0.0,0,0,0,0,0,0,0,0,0.0,0,0,0,0,0,0.0,0.0,4681.8,0,0,0,32.1,18.8,63.4,97.77939839265784,0.0022585439805787207,0.389104675729664,0.03883084236663215,0.0034470786245501773,1140.3265306122448,0.0,0.0,0.0,0.0,51.32487630235906,0.3,0.0,0.0,0.0,0.0,450.0,870.9,0.0,0.0,8.861,0.771,9.633,12.107,0.775,8.858,emon,0.944,0.88,29.0,16.3,1.775
2026-09-25 10:46:31.491,5.3,0,33,2;27;33;2;0;0;0;8;0;0;3;8;2;0;0;2,809,2948,2948;2107;2741;1734;1528;1480;1205;1231;1192;1138;1132;1247;809;1101;1081;953,1.3,0.0,870.9,0,0,0,0,0,0.0,0,0,0,0,0,0,0,0,0.0,0,0,0,0,0,21.7,0.0,4681.8,0,0,0,33.1,18.8,63.4,97.58917043666646,0.0018218539243933247,0.3253683713499946,0.03234411713742472,0.0,1124.0,0.0,0.0,0.0,0.0,52.430891422009225,0.2,0.0,0.0,0.0,0.0,450.0,870.9,0.0,0.0,8.861,0.771,9.633,12.107,0.775,8.858,emon,0.944,0.88,29.0,16.3,1.775
2026-09-25 10:46:32.492,4.2,0,25,0;18;25;2;2;0;0;8;0;0;0;12;0;0;0;0,988,2812,2212;2015;2812;1379;1198;1174;1036;1134;1781;1097;1129;1161;988;1133;1119;1112,1.0,0.0,870.9,0,0,0,0,0,0.0,0,0,0,0,0,0,0,0,0.0,0,0,0,0,0,0.0,0.0,4681.8,0,0,0,34.1,18.8,63.4,97.36159829532399,0.0019472651056917933,0.34747259450309415,0.03459714914069456,2.375767456696314e-05,1145.764705882353,0.0,0.0,0.0,0.0,50.895244639936614,0.3,0.0,0.0,0.0,0.0,450.0,870.9,0.0,0.0,8.861,0.771,9.633,12.107,0.775,8.858,emon,0.944,0.88,29.0,16.3,1.775
2026-09-25 10:46:33.492,5.5,0,21,3;21;19;3;0;0;0;14;0;0;0;18;2;0;0;8,1077,3057,2737;2309;3057;2808;1170;1285;1409;1319;1373;1330;1407;1433;1091;1077;1167;1175,1.4,0.0,870.9,0,0,0,0,0,0.0,0,0,0,0,0,0,0,0,0.0,0,0,0,0,0,0.0,0.0,4681.8,0,0,0,35.1,18.8,63.4,97.30803946162878,0.0016941598968402472,0.30600825345583177,0.03044646204543415,0.0017751593409587494,1150.123595505618,0.0,0.0,0.0,0.0,51.3671105882425,0.2,0.0,0.0,0.0,0.0,450.0,870.9,0.0,0.0,8.861,0.771,9.633,12.107,0.775,8.858,emon,0.944,0.88,29.0,16.3,1.775
2026-09-25 10:46:34.492,4.3,0,32,0;18;32;0;0;0;3;6;0;0;0;8;0;0;0;2,1075,2772,2608;1922;2772;2433;1080;1217;1143;1259;1151;1207;1210;1209;1075;1077;1120;1135,0.8,0.0,870.9,0,0,0,0,0,0.0,0,0,0,0,0,0,0,0,0.0,0,0,0,0,0,0.0,0.0,4681.8,0,0,0,35.1,18.8,63.4,96.9145115661621,0.0018123460788046942,0.34410384863615034,0.034224667120724916,0.0,1113.0,0.0,0.0,0.0,0.0,51.23598225235939,0.2,0.0,0.0,0.0,0.0,450.0,870.9,0.0,0.0,8.861,0.771,9.633,12.107,0.775,8.858,emon,0.944,0.88,29.0,16.3,1.775
2026-09-25 10:46:35.493,3.6,0,25,0;16;25;0;0;0;0;10;0;0;0;5;0;0;0;3,1070,3046,2493;2074;3046;2119;1249;1283;1189;1256;1195;1212;1230;1206;1150;1116;1163;1070,1.4,0.0,870.9,0,0,0,0,0,0.0,0,0,0,0,0,0,0,0,0.0,0,0,0,0,0,0.0,0.0,4681.8,0,0,0,37.1,18.8,63.4,97.53384373697003,0.0014491879935193222,0.2975854669394118,0.029605396050080824,0.0,1150.4044943820224,0.0,0.0,0.0,0.0,51.487845487474054,0.2,0.0,0.0,0.0,0.0,450.0,870.9,0.0,0.0,0.759,0.441,1.2,10.436,0.668,0.532,emon,0.935,0.959,24.2,15.9,1.528
2026-09-25 10:46:36.493,26.4,2,79,48;59;79;31;25;22;6;25;23;12;8;44;8;2;3;29,2378,4709,4671;4472;4486;4709;3377;3345;3436;3239;3355;3426;3431;3278;2840;2378;2849;2722,1.1,0.0,870.9,0,0,0,0,0,0.0,0,0,0,0,0,0,0,0,0.0,0,0,0,0,0,8.2,0.0,1976.0,0,0,0,49.1,14.2,63.4,98.81403755560154,0.0023269321664418207,0.29886592188622896,0.02973294201329714,0.0,1092.9024390243903,0.0,0.0,0.0,0.0,52.11519585590719,0.2,0.0,0.0,0.0,0.0,250.0,870.9,0.0,0.0,0.759,0.441,1.2,10.436,0.668,0.532,emon,0.935,0.959,24.2,15.9,1.528
