timestamp,cpu_total_pct,cpu_core_min,cpu_core_max,cpu_cores_csv,cpu_freq_min_mhz,cpu_freq_max_mhz,cpu_freq_csv,igpu_pct,igpu_ded_mb,igpu_shared_mb,nvidia_gpu_pct,nvidia_mem_pct,nvidia_mem_used_mb,nvidia_mem_total_mb,nvidia_temp_c,nvidia_power_w,nvidia_sm_clk_mhz,nvidia_mem_clk_mhz,nvidia_pcie_gen,nvidia_pcie_width,nvidia_throttle,nvidia_pcie_rx_kbs,nvidia_pcie_tx_kbs,nvidia_pstate,nvidia_power_limit_w,nvidia_sm_clk_max_mhz,nvidia_mem_clk_max_mhz,nvidia_sm_clk_eff_pct,nvidia_mem_clk_eff_pct,nvidia_power_eff_pct,npu_pct,npu_ded_mb,npu_shared_mb,npu_process_count,npu_infer_ms,cpu_throttle_pct,soc_temp_c,rapl_cpu_w,rapl_igpu_w,rapl_npu_w,rapl_soc_w,ram_used_gb,ram_total_gb,l0_gpu_busy,l0_xve_active,l0_xve_stall,l0_xve_occupancy,l0_l3_stall,l0_gpu_freq_mhz,l0_mem_read_gbs,l0_mem_write_gbs,l0_compute_busy,l0_copy_busy,l0_render_busy,zes_gpu_busy,zes_compute_busy,zes_render_busy,zes_copy_busy,zes_media_busy,zes_freq_mhz,zes_mem_used_mb,zes_temp_c,zes_power_w,dram_read_gbs,dram_write_gbs,dram_total_gbs,l3miss_millions,ia_dram_bw_gbs,nonia_dram_bw_gbs,bw_source,dram_page_hit_rate_rd,dram_page_hit_rate_wr,dram_rd_latency_imc_clks,dram_rd_latency_ns,imc_freq_ghz
2026-09-25 12:05:27.710,20.3,0,100,50;50;100;0;0;50;0;0;0;50;0;0;0;25;0;0,1302,4665,4443;4374;4665;4583;3338;2907;3243;3274;3416;2961;2674;3208;1302;1601;1318;1540,3.4,0.0,961.0,0,0,0,0,0,0.0,0,0,0,0,0,0,0,0,0.0,0,0,0,0,0,0.0,0.0,0.0,0,0,0,66.1,0.0,0.0,0.0,0.0,15.3,63.4,79.81494235992432,0.41195364005398005,5.474660590291023,1.864073010161519,0.7437573671340942,1461.5,0.0,0.0,0.0,0.0,50.175775240175426,0.0,0.0,0.0,0.0,0.0,450.0,959.0,0.0,0.0,,,,,,,,,,,,
2026-09-25 12:05:28.711,11.3,0,92,2;35;92;9;0;16;3;0;0;9;3;0;0;12;0;0,1192,4692,4403;4369;4677;4692;1368;2957;3322;1460;1337;2890;3385;2402;1192;1770;1516;1197,3.4,0.0,961.0,0,0,0,0,0,0.0,0,0,0,0,0,0,0,0,0.0,0,0,0,0,0,0.0,0.0,0.0,0,0,0,66.1,0.0,0.0,0.0,0.0,15.3,63.4,81.58059133129355,1.4856421772468213,9.060330733656883,8.286329510173312,0.9983424075665729,1179.8641975308642,0.0,0.0,0.0,0.0,55.449467984338604,0.0,0.0,0.0,0.0,0.0,450.0,959.0,0.0,0.0,,,,,,,,,,,,
2026-09-25 12:05:29.711,12.2,0,91,11;23;91;6;3;16;2;0;2;17;3;0;0;19;3;0,1596,4647,4236;4158;4647;4343;3279;2273;2988;2900;3003;2621;2604;3130;1926;1816;1596;2143,4.7,0.0,965.1,0,0,0,0,0,0.0,0,0,0,0,0,0,0,0,0.0,0,0,0,0,0,0.0,0.0,0.0,0,0,0,59.1,19.09,0.19,0.39,23.63,15.3,63.4,80.8190068827047,2.0336266114624433,11.698955248315613,9.63069256578947,0.7059899977062127,1157.4415584415585,0.0,0.0,0.0,0.0,52.925069392888574,0.5,0.0,0.0,0.0,0.0,450.0,963.7,0.0,0.0,,,,,,,,,,,,
2026-09-25 12:05:30.711,11.8,0,52,16;21;33;3;0;20;2;0;0;23;3;0;3;52;6;6,1083,2327,2248;2129;2327;2112;1129;1415;1254;1225;1227;1416;1199;1150;1083;1432;1301;1370,5.4,0.0,986.6,0,0,0,0,0,0.0,0,0,0,0,0,0,0,0,0.0,0,0,0,0,0,0.0,0.0,0.0,0,0,0,35.1,19.09,0.19,0.39,23.63,15.3,63.4,72.07182760883991,0.4965200470042716,11.386615465682253,9.846218471100231,0.8740155463655308,1215.1654135338347,0.0,0.0,0.7521319031939471,0.05040329381039268,50.543633692470706,0.7,0.0,0.0,0.0,0.0,450.0,986.6,0.0,0.0,,,,,,,,,,,,
2026-09-25 12:05:31.712,13.2,0,41,9;25;41;5;0;29;2;0;0;37;3;0;2;40;12;8,1019,1867,1867;1798;1786;1660;1089;1228;1183;1148;1164;1319;1065;1116;1251;1240;1203;1019,2.9,0.0,975.4,0,0,0,0,0,0.0,0,0,0,0,0,0,0,0,0.0,0,0,0,0,0,0.0,0.0,0.0,0,0,0,32.1,19.09,0.19,0.39,23.63,15.3,63.4,67.60867651303609,0.20785784284817055,6.149567320942879,4.641632317254941,0.5721672281312445,1182.3333333333333,0.0,0.0,0.0,0.0,50.15277909844493,0.3,0.0,0.0,0.0,0.0,450.0,975.4,0.0,0.0,,,,,,,,,,,,
2026-09-25 12:05:32.712,21.4,0,71,29;45;53;23;0;37;6;0;0;34;11;0;5;71;14;12,1119,2090,1967;1915;1831;1867;1119;1210;1365;1411;2090;1161;1231;1866;1196;1391;1242;1130,0.7,0.0,951.0,0,0,0,0,0,0.0,0,0,0,0,0,0,0,0,0.0,0,0,0,0,0,0.0,0.0,0.0,0,0,0,34.1,19.09,0.19,0.39,23.63,15.2,63.4,71.23830161296146,0.12408746947849196,3.1029148408224887,2.105867444052243,0.29306138380312585,1126.4647887323943,0.0,0.0,0.0,0.0,53.496364998460656,0.1,0.0,0.0,0.0,0.0,450.0,963.4,0.0,0.0,,,,,,,,,,,,
2026-09-25 12:05:33.713,24.8,0,67,44;59;61;33;0;28;9;0;0;33;22;5;6;67;9;19,1075,1794,1738;1755;1683;1794;1106;1131;1075;1210;1365;1222;1275;1360;1209;1291;1279;1170,0.4,0.0,963.1,0,0,0,0,0,0.0,0,0,0,0,0,0,0,0,0.0,0,0,0,0,0,0.0,0.0,0.0,0,0,0,32.1,3.36,0.06,0.32,6.6,15.3,63.4,72.50663172945063,0.013536939273608174,1.1307193235831057,0.12413877472677763,0.0,1131.9787234042553,0.0,0.0,0.0,0.0,54.392877664971856,0.2,0.0,0.0,0.0,0.0,450.0,963.1,0.0,0.0,,,,,,,,,,,,
2026-09-25 12:05:34.713,29.2,9,88,23;56;39;15;12;27;19;9;11;38;14;12;27;88;44;33,812,1682,1616;1682;1497;1333;824;1046;1010;812;1068;1121;1078;1089;1301;1309;1262;1339,0.4,0.0,963.1,0,0,0,0,0,0.0,0,0,0,0,0,0,0,0,0.0,0,0,0,0,0,0.0,0.0,0.0,0,0,0,32.1,3.36,0.06,0.32,6.6,15.3,63.4,69.3155843561346,0.01427912024188448,1.3365134073026252,0.1521461700851267,0.0,1166.4242424242425,0.0,0.0,0.0,0.0,53.08665214975675,0.1,0.0,0.0,0.0,0.0,450.0,951.9,0.0,0.0,,,,,,,,,,,,
2026-09-25 12:05:35.731,25.3,9,63,15;34;63;23;9;30;14;9;9;32;18;12;18;60;25;34,834,1727,1368;1355;1727;1617;834;1067;918;919;1067;1145;1167;952;1160;1116;1149;1026,0.7,0.0,951.9,0,0,0,0,0,0.0,0,0,0,0,0,0,0,0,0.0,0,0,0,0,0,0.0,0.0,0.0,0,0,0,32.1,3.36,0.06,0.32,6.6,15.4,63.4,75.64410732814244,0.011189065634139947,1.0400042516844614,0.11201842512403215,0.004993677565029689,1187.5714285714287,0.0,0.0,0.0,0.0,48.792739427728314,0.1,0.0,0.0,0.0,0.0,450.0,951.9,0.0,0.0,,,,,,,,,,,,
2026-09-25 12:05:36.731,19.4,0,64,14;50;64;25;2;14;2;5;0;25;5;3;8;50;22;22,861,2504,1890;2059;2504;2494;889;1172;1034;1022;1144;1101;976;1028;861;1145;1027;921,1.2,0.0,943.9,0,0,0,0,0,0.0,0,0,0,0,0,0,0,0,0.0,0,0,0,0,0,0.0,0.0,0.0,0,0,0,34.1,3.36,0.06,0.32,6.6,16.7,63.4,93.4409103334686,1.1784855385316697,15.65916653363793,14.607836159934967,0.16402214101550203,1152.7037037037037,0.0,0.0,0.0,0.0,50.24018875921697,0.1,0.0,0.0,0.0,0.0,450.0,943.9,0.0,0.0,,,,,,,,,,,,
2026-09-25 12:05:37.732,94.0,88,100,96;95;100;95;90;95;94;91;91;95;94;92;88;98;94;95,1760,3629,3563;3629;3563;3533;2170;2168;2166;2168;1762;1773;1760;1762;2160;2123;2148;2127,0.8,0.0,949.8,0,0,0,0,0,0.0,0,0,0,0,0,0,0,0,0.0,0,0,0,0,0,0.0,0.0,4342.3,0,0,0,46.1,6.47,0.07,0.33,10.4,22.9,63.4,96.41567149915193,0.02346112808261655,1.3738866260177212,0.1573000893388924,0.0,1092.421052631579,0.0,0.0,0.0,0.0,50.28671917240871,0.4,0.0,0.0,0.0,0.0,450.0,949.8,0.0,0.0,,,,,,,,,,,,
2026-09-25 12:05:38.732,28.9,10,64,42;62;64;35;10;17;20;13;10;28;20;10;12;48;45;25,1273,2646,2066;2128;2271;2646;1360;1284;1304;1375;1723;1391;1421;1707;1273;1374;1281;1352,0.7,0.0,949.8,0,0,0,0,0,0.0,0,0,0,0,0,0,0,0,0.0,0,0,0,0,0,0.0,0.0,4342.3,0,0,0,35.1,6.47,0.07,0.33,10.4,23.2,63.4,97.83200159939852,0.056098212181082505,2.3093042292378168,0.5794758386909962,0.015505238012834028,1088.7727272727273,0.0,0.0,0.0,0.0,50.272105335511945,0.1,0.0,0.0,0.0,0.0,450.0,949.8,0.0,0.0,,,,,,,,,,,,
2026-09-25 12:05:39.733,17.7,0,59,51;22;50;9;0;2;31;0;0;0;14;0;12;14;59;19,1126,1594,1428;1424;1428;1325;1191;1126;1232;1594;1171;1196;1194;1133;1195;1188;1219;1126,0.9,0.0,954.3,0,0,0,0,0,0.0,0,0,0,0,0,0,0,0,0.0,0,0,0,0,0,0.0,0.0,4342.3,0,0,0,32.1,6.47,0.07,0.33,10.4,23.1,63.4,97.49095374417593,0.007230423191696944,0.8061163755784552,0.09033173183540263,0.022892754614712244,1098.3975903614457,0.0,0.0,0.0,0.0,51.98275838971856,0.1,0.0,0.0,0.0,0.0,450.0,954.3,0.0,0.0,,,,,,,,,,,,
2026-09-25 12:05:40.733,13.4,0,52,36;16;39;3;0;3;28;2;0;2;12;2;6;0;52;14,1064,2132,1692;1557;1936;2132;1205;1107;1166;1128;1223;1156;1193;1138;1064;1085;1273;1208,0.9,0.0,954.3,0,0,0,0,0,0.0,0,0,0,0,0,0,0,0,0.0,0,0,0,0,0,0.0,0.0,4342.3,0,0,0,31.1,6.47,0.07,0.33,10.4,23.1,63.4,97.10392921849301,0.01205874544470326,1.2201315290049504,0.13151915096922925,0.0,1146.3684210526317,0.0,0.0,0.0,0.0,50.26156652052151,0.2,0.0,0.0,0.0,0.0,450.0,946.8,0.0,0.0,10.68,7.729,18.409,80.481,5.151,13.258,emon,0.852,0.716,23.4,12.3,1.903
2026-09-25 12:05:41.734,11.9,0,47,32;17;27;2;0;0;30;2;0;0;12;3;5;5;47;11,1064,2131,1766;1820;2131;1916;1210;1241;1262;1262;1489;1426;1178;1255;1064;1071;1302;1219,0.4,0.0,946.8,0,0,0,0,0,0.0,0,0,0,0,0,0,0,0,0.0,0,0,0,0,0,0.0,0.0,4342.3,0,0,0,33.1,3.27,0.02,0.32,6.46,23.1,63.4,97.32736618454392,0.007392833704707792,0.8372904807329178,0.09142226459005394,0.010623118764645344,1128.7297297297298,0.0,0.0,0.0,0.0,51.639748328038166,0.1,0.0,0.0,0.0,0.0,450.0,946.8,0.0,0.0,10.68,7.729,18.409,80.481,5.151,13.258,emon,0.852,0.716,23.4,12.3,1.903
2026-09-25 12:05:42.734,14.9,0,61,29;14;35;8;0;0;30;3;0;0;22;3;6;8;61;20,995,1871,1762;1816;1871;1788;995;1061;1263;1162;1122;1236;1238;1121;1207;1218;1304;1233,0.8,0.0,942.8,0,0,0,0,0,0.0,0,0,0,0,0,0,0,0,0.0,0,0,0,0,0,0.0,0.0,4342.3,0,0,0,32.1,3.27,0.02,0.32,6.46,23.1,63.4,97.11225654965355,0.025276834172906264,2.7663401634920213,0.4587656747372377,0.22342019989376977,1170.4285714285713,0.0,0.0,0.0,0.0,50.26057160397371,0.1,0.0,0.0,0.0,0.0,450.0,942.8,0.0,0.0,10.68,7.729,18.409,80.481,5.151,13.258,emon,0.852,0.716,23.4,12.3,1.903
2026-09-25 12:05:43.734,13.7,0,41,28;13;34;8;0;0;36;8;0;0;23;6;8;0;41;14,949,3321,2576;3321;3001;3184;1271;949;1567;1521;1316;1612;1567;1443;1232;1684;1744;1529,7.1,0.0,969.6,0,0,0,0,0,0.0,0,0,0,0,0,0,0,0,0.0,0,0,0,0,0,0.0,0.0,4342.3,0,0,0,36.1,3.27,0.02,0.32,6.46,23.2,63.4,97.54024189555513,0.9072033383063003,15.839234074473824,12.78525498769762,0.48710406812766505,1189.89219330855,0.0,0.0,0.0,0.0,55.45257916369694,0.4,0.0,0.0,0.0,0.0,450.0,967.5,0.0,0.0,10.68,7.729,18.409,80.481,5.151,13.258,emon,0.852,0.716,23.4,12.3,1.903
2026-09-25 12:05:44.735,12.6,0,47,26;3;47;5;0;0;31;4;2;0;20;3;5;0;38;17,1044,3694,2584;3449;3308;3694;2867;1406;1774;3162;3319;3166;1768;3033;1044;1232;1301;1196,0.3,0.0,968.0,0,0,0,0,0,0.0,0,0,0,0,0,0,0,0,0.0,0,0,0,0,0,0.0,0.0,4342.3,0,0,0,38.1,3.27,0.02,0.32,6.46,23.2,63.4,97.4525315114694,1.1529170032915508,12.445366045763326,10.439444719012393,0.2962885799315982,1151.3255813953488,0.0,0.0,0.0,0.0,52.17637588895222,0.6,0.0,0.0,0.0,0.0,450.0,969.6,0.0,0.0,10.68,7.729,18.409,80.481,5.151,13.258,emon,0.852,0.716,23.4,12.3,1.903
2026-09-25 12:05:45.735,12.0,0,92,29;11;92;6;0;0;20;2;2;0;14;3;2;0;11;2,956,4695,4371;4572;4667;4695;3433;3379;3034;3160;3252;3417;3000;3306;1436;956;1519;1685,4.6,0.0,979.1,0,0,0,0,0,0.0,0,0,0,0,0,0,0,0,0.0,0,0,0,0,0,0.0,0.0,4342.3,0,0,0,76.1,6.24,0.13,0.33,9.44,23.3,63.4,97.85834497213364,1.9343202288018801,19.51041847257875,18.43036891068914,1.7590193358319084,1168.921875,0.0,0.0,0.0,0.0,51.80774970923085,0.5,0.0,0.0,0.0,0.0,450.0,977.3,0.0,0.0,10.68,7.729,18.409,80.481,5.151,13.258,emon,0.852,0.716,23.4,12.3,1.903
2026-09-25 12:05:46.736,10.2,0,95,27;5;95;5;0;0;6;0;0;0;9;0;3;0;13;0,1033,4709,4317;4630;4709;4706;2139;1368;2394;2600;2378;2698;2704;2940;1033;1045;1398;1270,1.0,0.0,978.1,0,0,0,0,0,0.0,0,0,0,0,0,0,0,0,0.0,0,0,0,0,0,0.0,0.0,4342.3,0,0,0,73.1,6.24,0.13,0.33,9.44,23.3,63.4,97.63532918294271,0.8427600964733089,8.50912428021431,7.586082811951638,0.4006486264119546,1129.0,0.0,0.0,0.0,0.0,52.31958701868852,0.5,0.0,0.0,0.0,0.0,450.0,978.1,0.0,0.0,10.68,7.729,18.409,80.481,5.151,13.258,emon,0.852,0.716,23.4,12.3,1.903
2026-09-25 12:05:47.736,11.0,0,92,22;6;92;6;0;0;14;0;0;0;20;2;0;0;14;0,1148,4729,4180;4184;4727;4729;2708;1297;2628;2502;2427;1342;2732;2723;1279;1314;2060;1148,0.9,0.0,964.5,0,0,0,0,0,0.0,0,0,0,0,0,0,0,0,0.0,0,0,0,0,0,0.0,0.0,4342.3,0,0,0,75.1,6.24,0.13,0.33,9.44,23.3,63.4,97.73879979020458,0.4286884651598284,5.718662900439764,4.444726543280027,0.4460170939742288,1087.9830508474577,0.0,0.0,0.0,0.0,51.16742377109447,0.2,0.0,0.0,0.0,0.0,450.0,962.6,0.0,0.0,10.68,7.729,18.409,80.481,5.151,13.258,emon,0.852,0.716,23.4,12.3,1.903
2026-09-25 12:05:48.736,10.2,0,98,12;19;98;2;0;0;12;0;0;0;9;0;2;2;8;0,1077,4738,4104;4641;4738;4729;1936;1350;2517;3013;2261;1311;2808;3197;1142;1077;1342;1118,1.0,0.0,957.2,0,0,0,0,0,0.0,0,0,0,0,0,0,0,0,0.0,0,0,0,0,0,0.0,0.0,4342.3,0,0,0,66.1,6.24,0.13,0.33,9.44,23.3,63.4,97.41346728417182,0.5088247396089437,5.878774569880578,4.80009465865911,0.2443167773270679,1120.774193548387,0.0,0.0,0.0,0.0,52.02306558864732,0.2,0.0,0.0,0.0,0.0,450.0,959.1,0.0,0.0,10.68,7.729,18.409,80.481,5.151,13.258,emon,0.852,0.716,23.4,12.3,1.903
2026-09-25 12:05:49.737,9.7,0,98,16;11;98;2;0;0;6;2;0;0;14;0;0;0;5;2,1120,4731,4072;4549;4731;4729;1238;1275;2248;3052;1491;1235;2115;2190;1144;1134;1372;1120,1.0,0.0,957.2,0,0,0,0,0,0.0,0,0,0,0,0,0,0,0,0.0,0,0,0,0,0,0.0,0.0,4342.3,0,0,0,65.1,17.35,0.03,0.38,21.24,23.3,63.4,96.95238212917162,0.65826799800498,6.944674371377282,5.680158301297089,0.5442410423369755,977.2608695652174,0.0,0.0,0.0,0.0,50.312275604709335,0.1,0.0,0.0,0.0,0.0,450.0,957.2,0.0,0.0,10.68,7.729,18.409,80.481,5.151,13.258,emon,0.852,0.716,23.4,12.3,1.903
2026-09-25 12:05:50.737,11.5,0,98,23;14;98;3;3;2;12;0;2;0;14;6;0;0;5;2,1090,4725,4211;4600;4719;4725;3433;3391;2567;3209;3330;3172;2687;2769;2330;1106;1585;1090,0.7,0.0,957.2,0,0,0,0,0,0.0,0,0,0,0,0,0,0,0,0.0,0,0,0,0,0,0.0,0.0,4342.3,0,0,0,60.1,17.35,0.03,0.38,21.24,23.3,63.4,98.14602943946575,0.7600609494899079,7.216404100173507,5.863916796792684,0.41404758435112005,1057.6206896551723,0.0,0.0,0.0,0.0,54.688118729226545,0.1,0.0,0.0,0.0,0.0,450.0,952.9,0.0,0.0,10.68,7.729,18.409,80.481,5.151,13.258,emon,0.852,0.716,23.4,12.3,1.903
2026-09-25 12:05:51.737,10.1,0,97,20;13;97;2;0;0;12;0;0;0;9;3;0;0;5;0,1102,4725,4313;4608;4691;4725;2732;2787;2638;3080;2661;1597;2764;2741;1102;1156;1572;1222,2.8,0.0,954.0,0,0,0,0,0,0.0,0,0,0,0,0,0,0,0,0.0,0,0,0,0,0,0.0,0.0,4342.3,0,0,0,63.1,17.35,0.03,0.38,21.24,23.3,63.4,97.51608969948508,1.4679865048203449,12.727648586034775,11.223812404071742,1.083537292230705,1104.4545454545455,0.0,0.0,0.0,0.0,51.21423619416627,0.4,0.0,0.0,0.0,0.0,450.0,954.0,0.0,0.0,10.68,7.729,18.409,80.481,5.151,13.258,emon,0.852,0.716,23.4,12.3,1.903
2026-09-25 12:05:52.738,9.4,0,95,23;3;95;2;0;0;9;2;0;0;9;2;2;2;2;2,953,4728,4317;4504;4692;4728;2724;2059;2601;2600;2753;2487;2303;2589;953;1060;1264;1093,1.4,0.0,956.1,0,0,0,0,0,0.0,0,0,0,0,0,0,0,0,0.0,0,0,0,0,0,0.0,0.0,4342.3,0,0,0,51.1,17.35,0.03,0.38,21.24,23.3,63.4,96.93533986409506,0.5584510677164265,6.470623649656773,5.582753844186664,0.6754462958759784,1106.5,0.0,0.0,0.0,0.0,50.28623219107588,0.2,0.0,0.0,0.0,0.0,450.0,956.1,0.0,0.0,1.796,0.677,2.473,23.413,1.498,0.975,emon,0.897,0.811,26.3,12.4,2.13
2026-09-25 12:05:53.738,9.5,0,94,30;5;94;0;0;0;14;0;0;0;8;0;0;0;2;0,988,4728,4364;4526;4728;4723;2934;3225;2419;3020;3094;2663;2606;2797;1051;988;1336;1165,2.9,0.0,974.7,0,0,0,0,0,0.0,0,0,0,0,0,0,0,0,0.0,0,0,0,0,0,0.0,0.0,4342.3,0,0,0,54.1,13.74,0.03,0.4,17.9,23.3,63.4,98.24347704719095,0.7827941289555063,9.548566276886884,7.12893149905345,0.3647417274632436,1109.5882352941176,0.0,0.0,0.0,0.0,55.729981148593566,0.3,0.0,0.0,0.0,0.0,450.0,974.7,0.0,0.0,1.796,0.677,2.473,23.413,1.498,0.975,emon,0.897,0.811,26.3,12.4,2.13
2026-09-25 12:05:54.738,9.4,0,94,9;11;94;2;0;0;16;0;0;0;14;0;0;0;3;2,1102,4729,4196;4622;4725;4729;1574;1617;2619;2763;2163;1473;2678;2927;1118;1107;1406;1102,2.3,0.0,965.6,0,0,0,0,0,0.0,0,0,0,0,0,0,0,0,0.0,0,0,0,0,0,0.0,0.0,4342.3,0,0,0,49.1,13.74,0.03,0.4,17.9,23.4,63.4,97.34227915163393,0.5653906961379107,9.214311255900949,6.090012242500153,0.5246118178356146,1116.5925925925926,0.0,0.0,0.0,0.0,50.26561964041105,0.3,0.0,0.0,0.0,0.0,450.0,965.6,0.0,0.0,1.796,0.677,2.473,23.413,1.498,0.975,emon,0.897,0.811,26.3,12.4,2.13
2026-09-25 12:05:55.739,8.8,0,97,8;14;97;0;0;0;8;0;0;0;9;2;2;0;2;0,1071,4765,4264;4513;4765;4706;2575;2359;2462;2648;2328;3208;2686;2750;1399;1071;1224;1141,0.6,0.0,962.6,0,0,0,0,0,0.0,0,0,0,0,0,0,0,0,0.0,0,0,0,0,0,0.0,0.0,4342.3,0,0,0,49.1,13.74,0.03,0.4,17.9,23.3,63.4,96.5782575362768,0.9404941235358516,9.652488933923918,8.747886950388933,0.9088887728852196,1142.5897435897436,0.0,0.0,0.0,0.0,50.32381676786985,0.3,0.0,0.0,0.0,0.0,450.0,962.6,0.0,0.0,1.796,0.677,2.473,23.413,1.498,0.975,emon,0.897,0.811,26.3,12.4,2.13
2026-09-25 12:05:56.739,8.8,0,98,20;3;98;0;0;0;8;0;0;0;6;0;0;0;5;0,1155,4715,4273;4455;4715;4633;3076;3366;2494;2595;2974;3059;2597;2712;1155;1202;1361;1157,1.4,0.0,961.0,0,0,0,0,0,0.0,0,0,0,0,0,0,0,0,0.0,0,0,0,0,0,0.0,0.0,4342.3,0,0,0,49.1,11.7,0.03,0.4,16.01,23.3,63.4,97.07240033830915,0.7283392531946967,7.854169808541026,6.643679383450321,0.4597740983424176,1131.857142857143,0.0,0.0,0.0,0.0,51.728801399469376,0.2,0.0,0.0,0.0,0.0,450.0,961.0,0.0,0.0,1.796,0.677,2.473,23.413,1.498,0.975,emon,0.897,0.811,26.3,12.4,2.13
2026-09-25 12:05:57.739,10.9,0,97,20;13;97;3;0;0;12;3;2;2;11;5;0;0;8;0,1266,4729,4340;4594;4726;4729;3319;3397;2777;3296;3293;3266;2703;3161;1286;1640;2200;1266,1.5,0.0,961.0,0,0,0,0,0,0.0,0,0,0,0,0,0,0,0,0.0,0,0,0,0,0,0.0,0.0,4342.3,0,0,0,59.1,11.7,0.03,0.4,16.01,23.3,63.4,97.65848170100031,1.047886359127792,10.412678851871878,9.277285519836319,0.7999401833213916,1011.8378378378378,0.0,0.0,0.0,0.0,51.70502778243374,0.2,0.0,0.0,0.0,0.0,450.0,961.0,0.0,0.0,1.796,0.677,2.473,23.413,1.498,0.975,emon,0.897,0.811,26.3,12.4,2.13
2026-09-25 12:05:58.739,9.8,0,94,17;8;94;0;0;0;6;0;0;0;6;0;5;0;19;2,1164,4732,4214;4463;4732;4729;2870;1553;2360;1958;2700;1522;2494;2707;1164;1713;2536;1331,1.4,0.0,953.6,0,0,0,0,0,0.0,0,0,0,0,0,0,0,0,0.0,0,0,0,0,0,0.0,0.0,4342.3,0,0,0,51.1,11.7,0.03,0.4,16.01,23.3,63.4,97.52786348783053,0.8160822068018696,8.499124210155927,7.19171585526604,0.5800176663754079,1146.6923076923076,0.0,0.0,0.0,0.0,52.62908863012607,0.2,0.0,0.0,0.0,0.0,450.0,953.6,0.0,0.0,1.796,0.677,2.473,23.413,1.498,0.975,emon,0.897,0.811,26.3,12.4,2.13
2026-09-25 12:05:59.740,8.9,0,95,11;6;95;0;0;2;17;2;2;0;6;2;0;0;0;0,1037,4716,4045;4555;4716;4519;1353;2106;2348;3038;2216;1708;2617;2936;1275;1037;1134;1099,1.2,0.0,953.6,0,0,0,0,0,0.0,0,0,0,0,0,0,0,0,0.0,0,0,0,0,0,0.0,0.0,4342.3,0,0,0,53.1,11.7,0.03,0.4,16.01,23.4,63.4,97.21844267509353,0.7928196441408404,7.659104213328429,6.826764135372261,0.5401509828934393,1120.8309859154929,0.0,0.0,0.0,0.0,52.429434856688474,0.1,0.0,0.0,0.0,0.0,450.0,953.6,0.0,0.0,1.796,0.677,2.473,23.413,1.498,0.975,emon,0.897,0.811,26.3,12.4,2.13
2026-09-25 12:06:00.741,10.6,0,94,17;16;94;3;0;0;18;2;0;0;6;2;2;0;6;4,1008,4736,4072;4572;4736;4729;3139;2967;2249;2888;3091;1964;2505;2696;1174;1082;1440;1008,0.8,0.0,953.6,0,0,0,0,0,0.0,0,0,0,0,0,0,0,0,0.0,0,0,0,0,0,0.0,0.0,4342.3,0,0,0,61.1,12.47,0.02,0.4,16.76,23.4,63.4,97.65580025697366,0.7295163065398064,8.261814643939337,6.989464786094733,0.5479324802260798,1149.0,0.0,0.0,0.0,0.0,51.5829252012265,0.2,0.0,0.0,0.0,0.0,450.0,953.6,0.0,0.0,1.796,0.677,2.473,23.413,1.498,0.975,emon,0.897,0.811,26.3,12.4,2.13
2026-09-25 12:06:01.741,8.8,0,92,17;8;92;0;0;0;11;2;0;0;8;0;0;0;3;0,1118,4730,4227;4491;4722;4730;1172;1118;2592;2780;1995;1270;2662;2805;1182;1180;1435;1148,1.0,0.0,953.6,0,0,0,0,0,0.0,0,0,0,0,0,0,0,0,0.0,0,0,0,0,0,0.0,0.0,4342.3,0,0,0,57.1,12.47,0.02,0.4,16.76,23.4,63.4,95.94976845434157,0.5082377930767676,5.560637260897685,4.697510304908126,0.31902462702591794,1045.6101694915253,0.0,0.0,0.0,0.0,51.17788494289932,0.2,0.0,0.0,0.0,0.0,450.0,953.6,0.0,0.0,1.796,0.677,2.473,23.413,1.498,0.975,emon,0.897,0.811,26.3,12.4,2.13
2026-09-25 12:06:02.741,10.4,0,94,20;11;94;3;2;0;5;3;3;2;12;3;2;0;4;3,1286,4731,4318;4504;4717;4731;3407;3417;2515;3359;3136;3253;2656;3194;1498;1286;1677;1539,1.0,0.0,953.6,0,0,0,0,0,0.0,0,0,0,0,0,0,0,0,0.0,0,0,0,0,0,0.0,0.0,4342.3,0,0,0,83.1,12.47,0.02,0.4,16.76,23.4,63.4,97.76426355889502,0.5923280352132118,6.787704690339718,5.702344033629336,0.47357408003138496,1088.3617021276596,0.0,0.0,0.0,0.0,51.35393363491018,0.2,0.0,0.0,0.0,0.0,450.0,953.6,0.0,0.0,1.796,0.677,2.473,23.413,1.498,0.975,emon,0.897,0.811,26.3,12.4,2.13
2026-09-25 12:06:03.741,11.8,0,94,28;9;94;2;0;0;21;6;0;0;20;5;0;0;3;0,1082,4731,4198;4320;4731;4722;2510;2219;2691;2771;3027;2976;2804;3134;1083;1082;1254;1155,1.1,0.0,951.6,0,0,0,0,0,0.0,0,0,0,0,0,0,0,0,0.0,0,0,0,0,0,0.0,0.0,4342.3,0,0,0,68.1,12.47,0.02,0.4,16.76,23.2,63.4,97.76860585893904,0.628354154454012,10.44855141213962,6.668433210360153,0.8192216233957359,1100.7857142857142,0.0,0.0,0.0,0.0,52.465415452633586,0.3,0.0,0.0,0.0,0.0,450.0,958.9,0.0,0.0,1.796,0.677,2.473,23.413,1.498,0.975,emon,0.897,0.811,26.3,12.4,2.13
2026-09-25 12:06:04.742,11.2,0,94,28;11;94;2;0;0;24;0;0;0;14;2;0;0;5;0,1102,4743,4282;4526;4743;4729;3271;1517;2705;3137;3283;3112;2899;3216;1102;1135;1368;1113,2.7,0.0,958.9,0,0,0,0,0,0.0,0,0,0,0,0,0,0,0,0.0,0,0,0,0,0,0.0,0.0,4342.3,0,0,0,75.1,15.2,0.03,0.38,19.13,23.3,63.4,97.13280193225758,0.7446702958015423,8.450344442918494,7.527626872767468,0.8602201900746975,1159.1351351351352,0.0,0.0,0.0,0.0,50.279694652235186,0.4,0.0,0.0,0.0,0.0,450.0,958.9,0.0,0.0,1.668,0.715,2.383,40.61,2.599,0,emon,0.888,0.65,37.4,17.4,2.154
2026-09-25 12:06:05.742,10.0,0,98,22;11;98;0;0;0;15;0;0;0;6;2;0;0;5;2,1013,4744,4085;4532;4744;4729;1538;1336;2621;2854;3070;1990;2611;2798;1052;1157;1394;1013,1.3,0.0,957.9,0,0,0,0,0,0.0,0,0,0,0,0,0,0,0,0.0,0,0,0,0,0,0.0,0.0,4342.3,0,0,0,69.1,15.2,0.03,0.38,19.13,23.3,63.4,97.35775711957146,0.7838839664849836,8.094471942852525,7.2078023802708175,0.7090452710955801,1162.9705882352941,0.0,0.0,0.0,0.0,50.30926785486586,0.2,0.0,0.0,0.0,0.0,450.0,957.9,0.0,0.0,1.668,0.715,2.383,40.61,2.599,0,emon,0.888,0.65,37.4,17.4,2.154
2026-09-25 12:06:06.743,12.5,0,97,24;8;97;0;0;0;15;0;2;0;17;0;0;0;0;37,1714,4737,4133;4104;4737;4661;3099;1714;2544;3017;3426;3127;2455;3151;2014;1732;2132;2685,1.0,0.0,957.9,0,0,0,0,0,0.0,0,0,0,0,0,0,0,0,0.0,0,0,0,0,0,0.0,0.0,4342.3,0,0,0,76.1,15.2,0.03,0.38,19.13,23.3,63.4,97.53671397860089,0.9157051012152806,9.49887414536779,8.391537872157873,0.8254736960765773,1099.7936507936508,0.0,0.0,0.0,0.0,51.12955423006936,0.2,0.0,0.0,0.0,0.0,450.0,957.9,0.0,0.0,1.668,0.715,2.383,40.61,2.599,0,emon,0.888,0.65,37.4,17.4,2.154
2026-09-25 12:06:07.743,15.7,2,92,34;22;92;11;2;3;28;2;3;3;25;8;2;2;12;3,987,4693,4441;4537;4693;4588;1821;2639;3102;3190;3331;3070;3056;3315;987;1032;2374;1793,0.9,0.0,957.9,0,0,0,0,0,0.0,0,0,0,0,0,0,0,0,0.0,0,0,0,0,0,0.0,0.0,4342.3,0,0,0,73.1,15.2,0.03,0.38,19.13,23.3,63.4,97.34256032307943,0.48726319009632185,5.819306958218416,4.588695159989099,0.21931794439539468,1096.5,0.0,0.0,0.0,0.0,50.28224866191546,0.2,0.0,0.0,0.0,0.0,450.0,957.9,0.0,0.0,1.668,0.715,2.383,40.61,2.599,0,emon,0.888,0.65,37.4,17.4,2.154
2026-09-25 12:06:08.744,10.9,0,88,23;17;88;6;0;0;14;3;0;2;11;8;0;0;2;2,1016,4700,4431;4504;4679;4700;2895;3225;2352;2612;3112;3199;2455;2487;1133;1016;1387;1421,1.5,0.0,951.6,0,0,0,0,0,0.0,0,0,0,0,0,0,0,0,0.0,0,0,0,0,0,0.0,0.0,4342.3,0,0,0,73.1,18.03,0.02,0.36,21.8,23.3,63.4,96.9710401848181,0.8236802041203951,8.351829669813611,7.378219718752957,0.5571551318280399,1145.2686567164178,0.0,0.0,0.0,0.0,51.03204993303142,0.2,0.0,0.0,0.0,0.0,450.0,951.6,0.0,0.0,1.668,0.715,2.383,40.61,2.599,0,emon,0.888,0.65,37.4,17.4,2.154
2026-09-25 12:06:09.744,9.5,0,88,8;20;88;2;0;2;10;9;0;0;0;9;0;0;0;3,983,4724,4388;4157;4723;4724;1813;2432;1776;2234;2399;2364;1747;2487;1040;1121;983;1401,1.0,0.0,951.6,0,0,0,0,0,0.0,0,0,0,0,0,0,0,0,0.0,0,0,0,0,0,0.0,0.0,4342.3,0,0,0,72.1,18.03,0.02,0.36,21.8,23.3,63.4,96.61096331947728,0.7221309175978317,8.522900208046561,7.24779282892613,0.6078249590492831,1024.0,0.0,0.0,0.0,0.0,50.30168098681852,0.2,0.0,0.0,0.0,0.0,450.0,951.6,0.0,0.0,1.668,0.715,2.383,40.61,2.599,0,emon,0.888,0.65,37.4,17.4,2.154
2026-09-25 12:06:10.745,11.7,0,91,3;33;91;3;2;2;0;14;0;0;0;20;3;2;2;14,1188,4829,4306;4236;4829;4745;2570;1881;2126;2424;2983;2702;1892;2293;1188;1210;1199;1332,0.9,0.0,951.6,0,0,0,0,0,0.0,0,0,0,0,0,0,0,0,0.0,0,0,0,0,0,0.0,0.0,4342.3,0,0,0,83.1,18.03,0.02,0.36,21.8,23.3,63.4,97.2562447163596,0.8390150956406411,8.280744192315572,7.439379695636123,0.540432054949959,1157.2089552238806,0.0,0.0,0.0,0.0,51.017038810608994,0.1,0.0,0.0,0.0,0.0,450.0,951.6,0.0,0.0,1.668,0.715,2.383,40.61,2.599,0,emon,0.888,0.65,37.4,17.4,2.154
2026-09-25 12:06:11.745,8.7,0,91,5;16;91;2;2;0;0;12;0;0;0;8;2;2;0;2,1022,4766,4377;4294;4766;4728;2701;3097;1905;2392;2723;1411;1333;2441;1058;1022;1050;1193,0.6,0.0,951.6,0,0,0,0,0,0.0,0,0,0,0,0,0,0,0,0.0,0,0,0,0,0,0.0,0.0,4342.3,0,0,0,81.1,18.03,0.02,0.36,21.8,23.3,63.4,96.8562745593843,0.7363089730331142,7.929967839093435,6.857575577018516,0.3637857715047652,1109.7142857142858,0.0,0.0,0.0,0.0,50.286733841612225,0.2,0.0,0.0,0.0,0.0,450.0,951.6,0.0,0.0,1.668,0.715,2.383,40.61,2.599,0,emon,0.888,0.65,37.4,17.4,2.154
2026-09-25 12:06:12.745,9.1,0,92,8;17;92;3;0;0;0;9;0;0;0;11;2;0;0;3,1067,4800,4396;4302;4800;4729;3286;2962;1983;2322;3043;3109;1561;2285;1067;1167;1090;1241,1.0,0.0,951.6,0,0,0,0,0,0.0,0,0,0,0,0,0,0,0,0.0,0,0,0,0,0,0.0,0.0,4342.3,0,0,0,84.1,16.87,0.01,0.35,20.21,23.3,63.4,96.85851490497589,0.7261966598453,8.034135260619223,6.866485032485798,0.6518227463257062,1108.375,0.0,0.0,0.0,0.0,50.301086141727865,0.1,0.0,0.0,0.0,0.0,450.0,951.6,0.0,0.0,1.668,0.715,2.383,40.61,2.599,0,emon,0.888,0.65,37.4,17.4,2.154
2026-09-25 12:06:13.746,9.8,0,94,3;14;94;3;2;0;5;12;0;0;2;18;0;0;0;5,1159,4924,3950;4232;4924;4767;2285;2008;2066;2264;2750;1291;3031;2265;1159;1209;1197;1285,0.8,0.0,951.6,0,0,0,0,0,0.0,0,0,0,0,0,0,0,0,0.0,0,0,0,0,0,0.0,0.0,4342.3,0,0,0,92.1,16.87,0.01,0.35,20.21,23.3,63.4,97.54672823454204,0.7996425140299834,8.802598615225993,7.6092219788973265,0.3699514995831506,1135.842105263158,0.0,0.0,0.0,0.0,50.31268533789798,0.2,0.0,0.0,0.0,0.0,450.0,951.6,0.0,0.0,1.668,0.715,2.383,40.61,2.599,0,emon,0.888,0.65,37.4,17.4,2.154
2026-09-25 12:06:14.746,9.8,0,92,8;23;92;2;3;0;8;9;0;0;0;9;0;0;0;3,1196,4812,4491;4267;4812;4772;2617;3332;1930;2634;2757;1932;1862;2191;1225;1196;1196;1337,1.0,0.0,951.6,0,0,0,0,0,0.0,0,0,0,0,0,0,0,0,0.0,0,0,0,0,0,0.0,0.0,4342.3,0,0,0,82.1,16.87,0.01,0.35,20.21,23.3,63.4,96.07850709508676,0.4839088625110472,5.8209866148526554,4.823365368987204,0.22345257193216536,1129.327868852459,0.0,0.0,0.0,0.0,51.11848400801909,0.1,0.0,0.0,0.0,0.0,450.0,951.6,0.0,0.0,1.668,0.715,2.383,40.61,2.599,0,emon,0.888,0.65,37.4,17.4,2.154
2026-09-25 12:06:15.746,10.9,0,94,8;33;94;2;3;3;6;8;5;3;5;3;2;0;0;2,1808,4788,4279;4052;4788;4536;3070;3148;2408;2842;3155;3107;3160;2725;1890;1808;2248;2322,2.7,0.0,961.7,0,0,0,0,0,0.0,0,0,0,0,0,0,0,0,0.0,0,0,0,0,0,0.0,0.0,4342.3,0,0,0,71.1,16.87,0.01,0.35,20.21,23.3,63.4,97.28536829872736,1.1105961039096914,8.724388060588685,7.626964184854712,0.24103569518589962,1093.4444444444443,0.0,0.0,0.0,0.0,52.72725965342824,0.1,0.0,0.0,0.0,0.0,450.0,951.6,0.0,0.0,1.668,0.715,2.383,40.61,2.599,0,emon,0.888,0.65,37.4,17.4,2.154
2026-09-25 12:06:16.747,10.2,0,92,2;29;92;2;2;0;0;16;0;0;0;18;0;0;0;3,1063,4746,4542;4301;4746;4724;3333;2138;2183;2854;2952;1686;2658;2843;1113;1068;1063;1376,2.6,0.0,959.7,0,0,0,0,0,0.0,0,0,0,0,0,0,0,0,0.0,0,0,0,0,0,0.0,0.0,4342.3,0,0,0,67.1,17.39,0.02,0.35,20.54,23.3,63.4,97.8685091192072,0.4235627841236154,8.689065307378769,4.285855247427455,0.659622004112779,1087.3522727272727,0.0,0.0,0.0,0.0,52.02571664589711,0.3,0.0,0.0,0.0,0.0,450.0,961.7,0.0,0.0,0.583,0.41,0.993,9.544,0.611,0.382,emon,0.901,0.838,28.7,16.1,1.785
2026-09-25 12:06:17.747,8.3,0,89,8;11;89;5;0;0;2;6;0;0;0;9;0;0;0;3,1076,4734,4493;3913;4734;4729;2851;2336;1838;2176;2609;2440;3084;2004;1139;1076;1142;1159,2.6,0.0,959.7,0,0,0,0,0,0.0,0,0,0,0,0,0,0,0,0.0,0,0,0,0,0,0.0,0.0,4342.3,0,0,0,68.1,17.39,0.02,0.35,20.54,23.4,63.4,96.78753809343304,0.4801990198535158,5.855614633936631,4.745656047669942,0.3024637583038655,1131.4561403508771,0.0,0.0,0.0,0.0,51.25051930599045,0.3,0.0,0.0,0.0,0.0,450.0,959.7,0.0,0.0,0.583,0.41,0.993,9.544,0.611,0.382,emon,0.901,0.838,28.7,16.1,1.785
2026-09-25 12:06:18.748,9.6,0,97,6;20;97;0;0;0;2;11;0;0;0;14;2;0;0;2,937,4787,4533;4327;4787;4730;2857;1063;2246;2151;1266;1626;1262;2297;1105;1138;937;1137,0.9,0.0,959.7,0,0,0,0,0,0.0,0,0,0,0,0,0,0,0,0.0,0,0,0,0,0,0.0,0.0,4342.3,0,0,0,68.1,17.39,0.02,0.35,20.54,23.4,63.4,96.89372671218146,0.6708008225929613,7.682866131975537,6.4467956979892085,0.333224462378504,1091.857142857143,0.0,0.0,0.0,0.0,50.27134863180773,0.2,0.0,0.0,0.0,0.0,450.0,959.7,0.0,0.0,0.583,0.41,0.993,9.544,0.611,0.382,emon,0.901,0.838,28.7,16.1,1.785
2026-09-25 12:06:19.748,9.8,0,95,9;18;95;5;5;0;0;14;0;0;0;11;0;0;0;0,1131,4775,4263;4000;4775;4735;2941;2682;2528;2401;2921;1401;1352;2590;1171;1137;1131;1138,0.8,0.0,955.7,0,0,0,0,0,0.0,0,0,0,0,0,0,0,0,0.0,0,0,0,0,0,0.0,0.0,4342.3,0,0,0,67.1,17.39,0.02,0.35,20.54,23.3,63.4,96.74595204337699,0.4343044187388856,5.231560760834178,4.273836702169453,0.40533457693766006,1108.8360655737704,0.0,0.0,0.0,0.0,52.81868899210555,0.1,0.0,0.0,0.0,0.0,450.0,955.7,0.0,0.0,0.583,0.41,0.993,9.544,0.611,0.382,emon,0.901,0.838,28.7,16.1,1.785
2026-09-25 12:06:20.748,11.4,0,88,9;40;88;2;0;0;0;20;0;0;0;16;0;0;0;8,989,4729,4633;4330;4715;4729;3079;3323;2671;2836;3237;3004;2856;2873;1080;989;1072;1480,0.9,0.0,955.7,0,0,0,0,0,0.0,0,0,0,0,0,0,0,0,0.0,0,0,0,0,0,0.0,0.0,4342.3,0,0,0,66.1,14.83,0.02,0.36,18.29,23.4,63.4,97.72934632201294,1.4805959782602227,17.431269808665856,14.451092359381956,1.1487119938818806,1130.4685314685314,0.0,0.0,0.0,0.0,51.364368263449705,0.3,0.0,0.0,0.0,0.0,450.0,959.7,0.0,0.0,0.583,0.41,0.993,9.544,0.611,0.382,emon,0.901,0.838,28.7,16.1,1.785
2026-09-25 12:06:21.749,12.5,0,89,17;30;89;5;5;0;0;22;3;0;0;23;2;0;0;5,862,4727,4656;4235;4714;4727;3174;2563;2645;2978;3055;2818;2678;3076;1415;919;862;1354,3.8,0.0,955.4,0,0,0,0,0,0.0,0,0,0,0,0,0,0,0,0.0,0,0,0,0,0,0.0,0.0,4342.3,0,0,0,52.1,14.83,0.02,0.36,18.29,23.4,63.4,98.2474151611328,2.279732639741066,11.954364181119342,10.966902664927549,1.218291349438842,1136.2093023255813,0.0,0.0,0.0,0.0,54.28994606580845,0.6,0.0,0.0,0.0,0.0,450.0,955.4,0.0,0.0,0.583,0.41,0.993,9.544,0.611,0.382,emon,0.901,0.838,28.7,16.1,1.785
2026-09-25 12:06:22.771,12.4,0,80,17;20;80;8;12;0;0;18;0;0;0;22;3;2;0;18,1083,4577,4122;3901;4577;3945;2216;2866;2794;2362;2971;2518;2571;2619;1083;1315;1238;1365,1.8,0.0,955.4,0,0,0,0,0,0.0,0,0,0,0,0,0,0,0,0.0,0,0,0,0,0,0.0,0.0,4342.3,0,0,0,49.1,14.83,0.02,0.36,18.29,23.6,63.4,97.63192718640893,1.4874330787482646,10.715200298655349,7.7162122257647265,1.0611189228340374,1114.929203539823,0.0,0.0,0.0,0.0,51.743897969694395,0.4,0.0,0.0,0.0,0.0,450.0,955.4,0.0,0.0,0.583,0.41,0.993,9.544,0.611,0.382,emon,0.901,0.838,28.7,16.1,1.785
2026-09-25 12:06:23.772,15.8,2,69,23;23;27;14;6;5;3;17;8;6;5;17;15;12;2;69,802,2275,2275;2050;1868;1705;985;870;875;1088;845;812;802;1039;1078;1041;1021;1212,2.5,0.0,977.0,0,0,0,0,0,0.0,0,0,0,0,0,0,0,0,0.0,0,0,0,0,0,0.0,0.0,4342.3,0,0,0,33.1,14.83,0.02,0.36,18.29,23.5,63.4,97.90923501059648,0.36732903329584826,8.953341459884694,6.9534616688588216,0.5707126472642674,1157.1151832460732,0.0,0.0,0.0,0.0,52.979689051811604,0.8,0.0,0.0,0.0,0.0,450.0,977.0,0.0,0.0,0.583,0.41,0.993,9.544,0.611,0.382,emon,0.901,0.838,28.7,16.1,1.785
2026-09-25 12:06:24.772,16.9,0,54,8;32;39;6;0;3;5;27;6;5;6;23;24;22;11;54,722,1352,1248;1352;1342;1313;860;866;914;1148;774;729;722;1057;1084;972;893;1162,0.6,0.0,973.0,0,0,0,0,0,0.0,0,0,0,0,0,0,0,0,0.0,0,0,0,0,0,0.0,0.0,4342.3,0,0,0,31.1,11.21,0.09,0.38,15.31,23.5,63.4,97.14890524057242,0.012691973717525028,1.1598982226390104,0.12634368283817402,0.0022005377194056143,1061.5,0.0,0.0,0.0,0.0,52.387762118417484,0.1,0.0,0.0,0.0,0.0,450.0,973.0,0.0,0.0,0.583,0.41,0.993,9.544,0.611,0.382,emon,0.901,0.838,28.7,16.1,1.785
2026-09-25 12:06:25.773,11.1,0,42,8;29;42;2;0;0;0;12;0;0;0;3;19;23;6;33,913,1651,1050;1236;1105;1651;1067;1141;1122;1102;1110;1185;1141;1130;1088;920;913;1132,0.6,0.0,973.0,0,0,0,0,0,0.0,0,0,0,0,0,0,0,0,0.0,0,0,0,0,0,0.0,0.0,4342.3,0,0,0,30.1,11.21,0.09,0.38,15.31,23.5,63.4,97.32003644486548,0.013760065561501493,1.3594375135193408,0.1537245326268841,0.0,1060.2676056338028,0.0,0.0,0.0,0.0,51.34979492719744,0.1,0.0,0.0,0.0,0.0,450.0,973.0,0.0,0.0,0.583,0.41,0.993,9.544,0.611,0.382,emon,0.901,0.838,28.7,16.1,1.785
2026-09-25 12:06:26.774,12.1,0,47,8;32;41;2;0;0;0;17;2;0;0;18;17;6;3;47,1016,1550,1395;1550;1451;1480;1141;1214;1175;1139;1166;1156;1154;1141;1110;1016;1218;1257,0.6,0.0,973.0,0,0,0,0,0,0.0,0,0,0,0,0,0,0,0,0.0,0,0,0,0,0,0.0,0.0,4342.3,0,0,0,30.1,11.21,0.09,0.38,15.31,23.5,63.4,97.36890391299599,0.008394140220173684,0.8451778269127795,0.09317571826671299,0.0,1106.8947368421052,0.0,0.0,0.0,0.0,50.450217707768864,0.1,0.0,0.0,0.0,0.0,450.0,973.0,0.0,0.0,0.583,0.41,0.993,9.544,0.611,0.382,emon,0.901,0.838,28.7,16.1,1.785
2026-09-25 12:06:27.774,13.0,0,49,5;37;38;3;0;0;0;21;0;0;0;26;15;11;2;49,970,1653,1625;1635;1566;1653;1249;1121;1121;1142;1032;1018;970;1163;1135;1096;1077;1224,1.0,0.0,963.2,0,0,0,0,0,0.0,0,0,0,0,0,0,0,0,0.0,0,0,0,0,0,0.0,0.0,4342.3,0,0,0,31.1,1.13,0.01,0.32,4.0,23.5,63.4,97.27630286746555,0.10314733872009027,2.8393089738157062,1.430517769108216,0.08569297153088781,1101.7777777777778,0.0,0.0,0.0,0.0,50.25318538604511,0.2,0.0,0.0,0.0,0.0,450.0,967.2,0.0,0.0,0.583,0.41,0.993,9.544,0.611,0.382,emon,0.901,0.838,28.7,16.1,1.785
2026-09-25 12:06:28.775,12.5,0,46,6;40;46;5;0;0;0;16;0;0;0;16;12;16;6;38,1022,1552,1552;1390;1250;1118;1029;1215;1168;1170;1111;1173;1132;1151;1100;1082;1022;1123,1.1,0.0,957.6,0,0,0,0,0,0.0,0,0,0,0,0,0,0,0,0.0,0,0,0,0,0,0.0,0.0,4342.3,0,0,0,30.1,1.13,0.01,0.32,4.0,23.4,63.4,97.50688296645436,0.011608233345227677,1.0948900642679698,0.12121892359052132,0.0,1075.1194029850747,0.0,0.0,0.0,0.0,51.04857176497801,0.1,0.0,0.0,0.0,0.0,450.0,957.6,0.0,0.0,1.764,0.643,2.407,44.121,2.824,0,emon,0.914,0.71,25.7,18.4,1.393
2026-09-25 12:06:29.775,11.8,0,53,10;37;38;11;0;0;0;12;0;0;0;6;14;6;2;53,982,1636,1636;1444;1389;982;1155;1129;1163;1159;1163;1200;1012;1147;1191;1070;1013;1180,0.7,0.0,951.9,0,0,0,0,0,0.0,0,0,0,0,0,0,0,0,0.0,0,0,0,0,0,0.0,0.0,4342.3,0,0,0,31.1,1.13,0.01,0.32,4.0,23.4,63.4,97.28968945671531,0.2424204545095563,5.372281587591358,3.7435380847138515,0.20432356087600484,1098.0196078431372,0.0,0.0,0.0,0.0,49.34226787382481,0.2,0.0,0.0,0.0,0.0,450.0,951.9,0.0,0.0,1.764,0.643,2.407,44.121,2.824,0,emon,0.914,0.71,25.7,18.4,1.393
2026-09-25 12:06:30.776,12.0,0,44,3;44;35;11;2;0;0;22;3;0;0;22;6;11;2;33,1038,1608,1539;1464;1608;1360;1170;1144;1119;1147;1072;1088;1038;1140;1118;1141;1251;1162,1.0,0.0,951.9,0,0,0,0,0,0.0,0,0,0,0,0,0,0,0,0.0,0,0,0,0,0,0.0,0.0,4342.3,0,0,0,32.1,1.13,0.01,0.32,4.0,23.4,63.4,96.88443408542209,0.12924865450347878,3.196433396471871,2.243719109892845,0.14913019057777194,1091.2222222222222,0.0,0.0,0.0,0.0,51.38613357775741,0.1,0.0,0.0,0.0,0.0,450.0,951.9,0.0,0.0,1.764,0.643,2.407,44.121,2.824,0,emon,0.914,0.71,25.7,18.4,1.393
2026-09-25 12:06:31.829,12.3,2,43,12;32;37;3;2;2;3;15;2;2;2;13;16;12;2;43,781,1390,1322;1390;1343;908;881;868;858;1103;873;806;781;1122;933;978;866;1003,1.0,0.0,951.9,0,0,0,0,0,0.0,0,0,0,0,0,0,0,0,0.0,0,0,0,0,0,0.0,0.0,4342.3,0,0,0,32.1,1.2,0.02,0.32,4.03,23.6,63.4,97.31571756998697,0.1695616424471761,4.528209048509598,3.0174111294249695,0.24825332537293435,1152.3333333333333,0.0,0.0,0.0,0.0,50.26450099398692,0.1,0.0,0.0,0.0,0.0,450.0,951.9,0.0,0.0,1.764,0.643,2.407,44.121,2.824,0,emon,0.914,0.71,25.7,18.4,1.393
2026-09-25 12:06:32.829,13.1,0,55,8;30;42;10;0;0;0;35;2;0;0;17;6;5;2;55,864,1775,1739;1744;1775;1731;1184;1773;1647;1169;1147;1265;1134;1233;1254;1049;864;1310,0.8,0.0,951.9,0,0,0,0,0,0.0,0,0,0,0,0,0,0,0,0.0,0,0,0,0,0,0.0,0.0,4342.3,0,0,0,31.1,1.2,0.02,0.32,4.03,23.4,63.4,97.24114252726237,0.24068179742898793,5.195958203077316,3.9425184446076553,0.39945573972331155,1121.2222222222222,0.0,0.0,0.0,0.0,50.2821672052145,0.2,0.0,0.0,0.0,0.0,450.0,951.9,0.0,0.0,1.764,0.643,2.407,44.121,2.824,0,emon,0.914,0.71,25.7,18.4,1.393
2026-09-25 12:06:33.829,11.5,0,55,3;34;55;2;0;0;8;25;0;0;0;8;6;17;6;20,956,1345,1272;1278;1345;1146;1110;1155;1345;1198;1072;1127;1115;1123;1041;956;1071;1047,0.5,0.0,951.9,0,0,0,0,0,0.0,0,0,0,0,0,0,0,0,0.0,0,0,0,0,0,0.0,0.0,4342.3,0,0,0,31.1,1.2,0.02,0.32,4.03,23.4,63.4,96.09502228446628,0.012053512406292493,1.1470420360565186,0.12321865315670552,0.025792596780735512,1155.5217391304348,0.0,0.0,0.0,0.0,50.285858970621355,0.1,0.0,0.0,0.0,0.0,450.0,947.9,0.0,0.0,1.764,0.643,2.407,44.121,2.824,0,emon,0.914,0.71,25.7,18.4,1.393
2026-09-25 12:06:34.830,13.2,0,45,8;39;45;0;0;0;0;25;0;0;0;14;17;18;6;39,1010,1829,1829;1461;1179;1536;1288;1248;1267;1235;1237;1113;1101;1239;1109;1148;1010;1135,0.9,0.0,947.9,0,0,0,0,0,0.0,0,0,0,0,0,0,0,0,0.0,0,0,0,0,0,0.0,0.0,4342.3,0,0,0,31.1,1.2,0.02,0.32,4.03,23.4,63.4,97.27421351841518,0.012881207895199103,1.3234271321977888,0.14907302139770418,0.0,1088.2857142857142,0.0,0.0,0.0,0.0,50.28011446694533,0.1,0.0,0.0,0.0,0.0,450.0,947.9,0.0,0.0,1.764,0.643,2.407,44.121,2.824,0,emon,0.914,0.71,25.7,18.4,1.393
2026-09-25 12:06:35.830,13.1,0,39,20;30;27;2;0;0;0;29;2;0;0;28;17;12;3;39,888,1762,1436;1636;1671;1762;1492;1142;1147;1273;1292;1290;1251;1363;1100;1077;888;1126,0.7,0.0,947.9,0,0,0,0,0,0.0,0,0,0,0,0,0,0,0,0.0,0,0,0,0,0,0.0,0.0,4342.3,0,0,0,31.1,1.4,0.02,0.32,4.21,23.4,63.4,97.28836029454281,0.009102594531692662,0.9358854442834854,0.10393111731268857,0.0,1099.657894736842,0.0,0.0,0.0,0.0,50.57999636468134,0.1,0.0,0.0,0.0,0.0,450.0,947.9,0.0,0.0,1.764,0.643,2.407,44.121,2.824,0,emon,0.914,0.71,25.7,18.4,1.393
2026-09-25 12:06:36.831,12.2,0,44,8;44;33;5;0;0;0;17;0;0;0;22;12;12;6;36,873,1261,1228;1211;1175;1261;1160;1132;1180;1182;1190;1143;1090;1222;984;873;1143;1047,0.7,0.0,947.9,0,0,0,0,0,0.0,0,0,0,0,0,0,0,0,0.0,0,0,0,0,0,0.0,0.0,4342.3,0,0,0,31.1,1.4,0.02,0.32,4.21,23.4,63.4,96.82491860022911,0.010951230839754526,1.1618925783878717,0.13281217699822706,0.0,1098.3589743589744,0.0,0.0,0.0,0.0,52.94510555916872,0.1,0.0,0.0,0.0,0.0,450.0,947.9,0.0,0.0,1.764,0.643,2.407,44.121,2.824,0,emon,0.914,0.71,25.7,18.4,1.393
2026-09-25 12:06:37.831,12.6,0,49,3;39;49;9;0;0;0;23;0;0;0;17;11;3;2;46,868,1204,1036;1204;1173;933;1089;1126;1074;1109;1192;1107;1092;1191;982;1083;868;1044,0.5,0.0,947.9,0,0,0,0,0,0.0,0,0,0,0,0,0,0,0,0.0,0,0,0,0,0,0.0,0.0,4342.3,0,0,0,30.1,1.4,0.02,0.32,4.21,23.4,63.4,97.02661039771104,0.010376611803999035,1.092794203176731,0.12048389517316004,0.05887504539838651,1108.7560975609756,0.0,0.0,0.0,0.0,50.27488597064483,0.1,0.0,0.0,0.0,0.0,450.0,947.9,0.0,0.0,1.764,0.643,2.407,44.121,2.824,0,emon,0.914,0.71,25.7,18.4,1.393
2026-09-25 12:06:38.832,11.9,0,38,22;35;38;8;6;0;0;11;6;0;0;8;20;5;5;27,871,1205,1127;1178;1181;871;1164;1125;1205;1140;1132;1137;1126;1103;1150;1057;1097;1110,0.8,0.0,947.9,0,0,0,0,0,0.0,0,0,0,0,0,0,0,0,0.0,0,0,0,0,0,0.0,0.0,4342.3,0,0,0,30.1,1.4,0.02,0.32,4.21,23.4,63.4,97.37661517750134,0.01368623323188248,1.4204104867848484,0.1575562557713552,0.0,1043.3181818181818,0.0,0.0,0.0,0.0,50.320170124146074,0.1,0.0,0.0,0.0,0.0,450.0,947.9,0.0,0.0,1.764,0.643,2.407,44.121,2.824,0,emon,0.914,0.71,25.7,18.4,1.393
2026-09-25 12:06:39.832,14.4,0,65,32;9;52;6;24;2;0;0;26;0;0;0;65;6;9;0,1071,2349,2349;2344;2263;1402;1614;1321;1313;1457;1484;1528;1318;1221;1337;1232;1277;1071,1.3,0.0,950.1,0,0,0,0,0,0.0,0,0,0,0,0,0,0,0,0.0,0,0,0,0,0,0.0,0.0,4342.3,0,0,0,35.1,0.97,0.02,0.32,3.53,23.4,63.4,98.04124807035971,0.7281112776889078,12.960074648812965,9.804864287161777,0.39677009013684567,1150.440329218107,0.0,0.0,0.0,0.0,52.625836463108534,0.3,0.0,0.0,0.0,0.0,450.0,963.7,0.0,0.0,1.764,0.643,2.407,44.121,2.824,0,emon,0.914,0.71,25.7,18.4,1.393
2026-09-25 12:06:40.832,13.4,0,70,37;9;70;6;20;3;0;0;19;6;0;0;26;9;6;2,955,3793,2245;3793;2302;1996;1633;3024;3068;2186;1728;2964;2776;1361;1124;955;1025;1029,0.9,0.0,928.3,0,0,0,0,0,0.0,0,0,0,0,0,0,0,0,0.0,0,0,0,0,0,0.0,0.0,4342.3,0,0,0,41.1,0.97,0.02,0.32,3.53,23.5,63.4,91.49871098687572,1.0617793159258941,12.06967900433848,9.272577769814,0.36909088312682037,1132.8709677419354,0.0,0.0,0.0,0.0,50.73468301162244,0.4,0.0,0.0,0.0,0.0,450.0,958.1,0.0,0.0,1.808,0.539,2.347,26.957,1.725,0.622,emon,0.957,0.891,22.3,13.0,1.723
2026-09-25 12:06:41.833,12.1,0,89,34;14;89;0;17;2;0;0;27;2;0;0;8;0;2;0,1155,4723,4329;4577;4696;4723;2822;3245;3029;2542;2956;3370;2929;3030;1588;1288;1351;1155,2.3,0.0,950.9,0,0,0,0,0,0.0,0,0,0,0,0,0,0,0,0.0,0,0,0,0,0,0.0,0.0,4342.3,0,0,0,59.1,0.97,0.02,0.32,3.53,23.5,63.4,94.60718272527059,0.7417950468734862,10.646986112533472,7.860393648021496,0.6757061723334631,1115.923076923077,0.0,0.0,0.0,0.0,54.19301010294316,0.6,0.0,0.0,0.0,0.0,450.0,950.9,0.0,0.0,1.808,0.539,2.347,26.957,1.725,0.622,emon,0.957,0.891,22.3,13.0,1.723
2026-09-25 12:06:42.833,12.0,0,94,33;14;94;3;9;6;2;2;10;5;0;2;9;0;2;2,1732,4730,4181;4521;4730;4708;2733;3229;3343;3369;2860;3167;3274;3386;2263;1732;2830;2866,0.9,0.0,934.1,0,0,0,0,0,0.0,0,0,0,0,0,0,0,0,0.0,0,0,0,0,0,0.0,0.0,4342.3,0,0,0,60.1,0.97,0.02,0.32,3.53,23.5,63.4,97.5585190210587,0.7196404612593305,7.967276627436663,6.945837514618268,0.4624693744774096,1166.948717948718,0.0,0.0,0.0,0.0,51.53468272395623,0.1,0.0,0.0,0.0,0.0,450.0,936.1,0.0,0.0,1.808,0.539,2.347,26.957,1.725,0.622,emon,0.957,0.891,22.3,13.0,1.723
2026-09-25 12:06:43.834,11.0,0,91,23;9;91;5;5;5;2;3;14;5;3;2;8;2;2;0,1092,4744,4336;4552;4744;4729;2583;2988;3288;3177;2785;3268;3358;3420;1483;1199;1092;1828,0.9,0.0,934.1,0,0,0,0,0,0.0,0,0,0,0,0,0,0,0,0.0,0,0,0,0,0,0.0,0.0,4342.3,0,0,0,63.1,11.21,0.1,0.38,15.26,23.6,63.4,97.82555698704076,0.9892435069211658,9.026027097895339,8.177824479552942,0.5680752385964591,1121.2972972972973,0.0,0.0,0.0,0.0,51.61668739608816,0.2,0.0,0.0,0.0,0.0,450.0,934.1,0.0,0.0,1.808,0.539,2.347,26.957,1.725,0.622,emon,0.957,0.891,22.3,13.0,1.723
2026-09-25 12:06:44.834,10.3,0,55,55;23;45;8;11;0;0;0;13;0;0;0;10;0;0;0,1082,4724,4639;4724;4648;4691;2598;2833;2443;2861;2588;2956;2321;2233;1333;1276;1306;1082,1.4,0.0,934.1,0,0,0,0,0,0.0,0,0,0,0,0,0,0,0,0.0,0,0,0,0,0,0.0,0.0,4342.3,0,0,0,76.1,11.21,0.1,0.38,15.26,23.4,63.4,97.6427133733576,1.105426170300537,10.937770048777262,9.70809442894251,1.238491015842142,1115.6666666666667,0.0,0.0,0.0,0.0,50.2289590864922,0.2,0.0,0.0,0.0,0.0,450.0,934.1,0.0,0.0,1.808,0.539,2.347,26.957,1.725,0.622,emon,0.957,0.891,22.3,13.0,1.723
2026-09-25 12:06:45.834,8.7,0,84,14;16;84;6;8;0;0;0;11;0;0;0;0;0;0;0,920,4717,4297;4609;4717;4715;2625;2822;1767;2174;2314;2373;2536;1923;1359;1087;941;920,1.0,0.0,934.1,0,0,0,0,0,0.0,0,0,0,0,0,0,0,0,0.0,0,0,0,0,0,0.0,0.0,4342.3,0,0,0,70.1,11.21,0.1,0.38,15.26,23.4,63.4,96.3659260636669,0.48878080743933255,5.721113961126845,4.409155874181602,0.4660897887453942,1112.5593220338983,0.0,0.0,0.0,0.0,51.14721590482583,0.2,0.0,0.0,0.0,0.0,450.0,934.1,0.0,0.0,1.808,0.539,2.347,26.957,1.725,0.622,emon,0.957,0.891,22.3,13.0,1.723
2026-09-25 12:06:46.835,10.2,0,92,23;8;92;0;14;0;0;0;12;2;0;0;9;2;0;0,1037,4739,4262;4506;4739;4729;2489;2851;2596;1491;2763;3174;2134;1984;1202;1170;1133;1037,1.2,0.0,925.6,0,0,0,0,0,0.0,0,0,0,0,0,0,0,0,0.0,0,0,0,0,0,0.0,0.0,4342.3,0,0,0,73.1,16.53,0.02,0.37,20.3,23.4,63.4,96.57836138817572,0.5010319703311149,5.907812204572462,4.853941831377245,0.2492157551178318,1134.483870967742,0.0,0.0,0.0,0.0,51.94012740062129,0.2,0.0,0.0,0.0,0.0,450.0,922.1,0.0,0.0,1.808,0.539,2.347,26.957,1.725,0.622,emon,0.957,0.891,22.3,13.0,1.723
2026-09-25 12:06:47.836,11.2,0,77,35;12;77;6;12;6;0;0;19;2;0;0;9;0;0;0,1107,4702,4446;4481;4702;4609;3121;3298;3414;3269;3090;3298;3400;3290;2049;1182;1414;1107,1.0,0.0,922.1,0,0,0,0,0,0.0,0,0,0,0,0,0,0,0,0.0,0,0,0,0,0,0.0,0.0,4342.3,0,0,0,69.1,16.53,0.02,0.37,20.3,23.4,63.4,96.41920490264893,0.7623804889182793,8.1196519613266,6.855472764931619,0.34821417696075513,1045.25,0.0,0.0,0.0,0.0,50.272110825404525,0.2,0.0,0.0,0.0,0.0,450.0,922.1,0.0,0.0,1.808,0.539,2.347,26.957,1.725,0.622,emon,0.957,0.891,22.3,13.0,1.723
2026-09-25 12:06:48.836,8.2,0,86,20;5;86;3;8;0;0;0;6;0;0;0;3;0;0;0,886,4727,4118;4506;4668;4727;2956;3320;1461;1338;2747;1257;1215;1231;1453;1144;1117;886,1.1,0.0,922.1,0,0,0,0,0,0.0,0,0,0,0,0,0,0,0,0.0,0,0,0,0,0,0.0,0.0,4342.3,0,0,0,68.1,16.53,0.02,0.37,20.3,23.4,63.4,96.73782848920979,0.4700823461705605,5.266195280141518,4.349585884968277,0.05048813244240114,1113.7540983606557,0.0,0.0,0.0,0.0,52.803907785747874,0.2,0.0,0.0,0.0,0.0,450.0,922.1,0.0,0.0,1.808,0.539,2.347,26.957,1.725,0.622,emon,0.957,0.891,22.3,13.0,1.723
2026-09-25 12:06:49.836,8.3,0,73,28;9;73;3;5;3;0;0;6;0;0;0;5;0;0;0,1001,4714,4359;4645;4712;4714;2750;2317;2273;2980;2301;1297;1617;1308;1135;1070;1178;1001,1.3,0.0,922.1,0,0,0,0,0,0.0,0,0,0,0,0,0,0,0,0.0,0,0,0,0,0,0.0,0.0,4342.3,0,0,0,74.1,16.53,0.02,0.37,20.3,23.4,63.4,97.40433984053762,0.707569979045442,8.117696693069057,7.073189253967843,0.7350963313633416,1135.842105263158,0.0,0.0,0.0,0.0,50.31008818314264,0.2,0.0,0.0,0.0,0.0,450.0,922.1,0.0,0.0,1.808,0.539,2.347,26.957,1.725,0.622,emon,0.957,0.891,22.3,13.0,1.723
2026-09-25 12:06:50.836,8.9,0,92,12;8;92;0;14;0;0;0;8;0;0;0;6;0;0;2,996,4781,4028;4485;4781;4729;2825;3337;3295;2932;2836;3226;2853;2583;1272;1182;1178;996,1.3,0.0,922.1,0,0,0,0,0,0.0,0,0,0,0,0,0,0,0,0.0,0,0,0,0,0,0.0,0.0,4342.3,0,0,0,78.1,17.84,0.02,0.35,21.23,23.4,63.4,96.90381328876202,0.9867906001342747,9.573635522753765,8.63469320960725,0.7488482567557815,1103.4871794871794,0.0,0.0,0.0,0.0,51.73359621411715,0.2,0.0,0.0,0.0,0.0,450.0,922.1,0.0,0.0,1.808,0.539,2.347,26.957,1.725,0.622,emon,0.957,0.891,22.3,13.0,1.723
2026-09-25 12:06:51.837,8.3,0,91,24;5;91;0;2;0;0;0;10;0;0;0;2;0;0;0,1019,4830,3756;3202;4830;4729;2755;2878;1972;1904;2581;2686;1427;1433;1186;1169;1019;1180,0.7,0.0,922.1,0,0,0,0,0,0.0,0,0,0,0,0,0,0,0,0.0,0,0,0,0,0,0.0,0.0,4342.3,0,0,0,87.1,17.84,0.02,0.35,21.23,23.4,63.4,97.22761626470657,0.7221813370983693,7.718503010414896,6.515714428431931,0.41450700269169394,1146.6190476190477,0.0,0.0,0.0,0.0,50.28015483844848,0.1,0.0,0.0,0.0,0.0,450.0,922.1,0.0,0.0,1.808,0.539,2.347,26.957,1.725,0.622,emon,0.957,0.891,22.3,13.0,1.723
2026-09-25 12:06:52.837,8.4,0,84,14;8;84;3;9;3;0;0;11;0;0;0;0;0;2;0,1140,4804,4193;4564;4804;4732;2825;3207;2955;2312;2967;2971;2440;2521;1186;1140;1200;1167,1.2,0.0,922.1,0,0,0,0,0,0.0,0,0,0,0,0,0,0,0,0.0,0,0,0,0,0,0.0,0.0,4342.3,0,0,0,80.1,17.84,0.02,0.35,21.23,23.4,63.4,97.37319673810687,0.7861297160170839,7.823349643179348,6.928070682925838,0.4601825508896062,1138.2857142857142,0.0,0.0,0.0,0.0,51.719178600822175,0.2,0.0,0.0,0.0,0.0,450.0,922.1,0.0,0.0,0.879,0.471,1.35,28.238,1.807,0,emon,0.9,0.715,44.2,22.3,1.982
2026-09-25 12:06:53.838,12.1,0,81,37;8;81;3;14;10;3;3;16;5;2;2;8;3;0;0,796,4752,4218;4519;4752;4729;2843;3097;3364;3351;2880;3257;3408;3439;1386;1132;1017;796,0.9,0.0,922.1,0,0,0,0,0,0.0,0,0,0,0,0,0,0,0,0.0,0,0,0,0,0,0.0,0.0,4342.3,0,0,0,77.1,17.84,0.02,0.35,21.23,23.3,63.4,97.89061753646187,0.6834121143885726,7.093791276864383,6.115412158324666,0.28387517416748503,1142.4782608695652,0.0,0.0,0.0,0.0,52.527874682908475,0.1,0.0,0.0,0.0,0.0,450.0,922.1,0.0,0.0,0.879,0.471,1.35,28.238,1.807,0,emon,0.9,0.715,44.2,22.3,1.982
2026-09-25 12:06:54.838,8.1,0,91,16;5;91;3;5;0;0;0;10;0;0;0;2;0;0;0,1157,4733,4133;4216;4733;4729;2391;2135;2081;2821;2774;2201;2357;2328;1198;1158;1157;1190,0.9,0.0,922.1,0,0,0,0,0,0.0,0,0,0,0,0,0,0,0,0.0,0,0,0,0,0,0.0,0.0,4342.3,0,0,0,74.1,17.38,0.01,0.34,20.39,23.3,63.4,97.1832155863444,0.506273030609979,6.073678523798784,4.908758144701521,0.2731116870728632,1128.1666666666667,0.0,0.0,0.0,0.0,51.91759289652109,0.2,0.0,0.0,0.0,0.0,450.0,922.1,0.0,0.0,0.879,0.471,1.35,28.238,1.807,0,emon,0.9,0.715,44.2,22.3,1.982
2026-09-25 12:06:55.838,8.8,0,88,16;11;88;0;12;0;0;0;12;0;0;0;2;0;0;0,963,4789,4164;4593;4789;4745;2604;2893;2607;2353;2640;2366;2830;2771;1146;1060;1020;963,0.9,0.0,922.1,0,0,0,0,0,0.0,0,0,0,0,0,0,0,0,0.0,0,0,0,0,0,0.0,0.0,4342.3,0,0,0,70.1,17.38,0.01,0.34,20.39,23.3,63.4,96.59916218540124,0.5407952920803311,6.140297926831663,5.1540825992430515,0.4031744492791691,1156.8947368421052,0.0,0.0,0.0,0.0,49.406432700784585,0.2,0.0,0.0,0.0,0.0,450.0,922.1,0.0,0.0,0.879,0.471,1.35,28.238,1.807,0,emon,0.9,0.715,44.2,22.3,1.982
2026-09-25 12:06:56.839,7.9,0,95,11;3;95;2;5;3;0;0;6;0;0;0;0;2;0;0,1085,4781,4189;4249;4781;4753;2750;2074;2194;3309;2814;2962;1203;1206;1160;1085;1126;1146,0.9,0.0,922.1,0,0,0,0,0,0.0,0,0,0,0,0,0,0,0,0.0,0,0,0,0,0,0.0,0.0,4342.3,0,0,0,69.1,17.38,0.01,0.34,20.39,23.4,63.4,96.21468478116122,0.9804175944236869,9.954894063689492,8.698969182846222,0.8584361993940547,1085.3636363636363,0.0,0.0,0.0,0.0,53.11851744001562,0.2,0.0,0.0,0.0,0.0,450.0,922.1,0.0,0.0,0.879,0.471,1.35,28.238,1.807,0,emon,0.9,0.715,44.2,22.3,1.982
2026-09-25 12:06:57.839,9.1,0,92,20;0;92;2;14;2;0;0;9;0;0;0;6;0;0;0,1130,4720,4333;4351;4720;4670;2712;2690;2392;1991;2534;2333;1441;1577;1226;1148;1146;1130,1.1,0.0,922.1,0,0,0,0,0,0.0,0,0,0,0,0,0,0,0,0.0,0,0,0,0,0,0.0,0.0,4342.3,0,0,0,66.1,17.38,0.01,0.34,20.39,23.3,63.4,96.81872927953326,0.5001890057538976,5.1834241516060295,4.3808182344313655,0.2987441273335929,1145.8253968253969,0.0,0.0,0.0,0.0,53.02440724864839,0.1,0.0,0.0,0.0,0.0,450.0,922.1,0.0,0.0,0.879,0.471,1.35,28.238,1.807,0,emon,0.9,0.715,44.2,22.3,1.982
2026-09-25 12:06:58.840,8.8,0,94,17;9;94;2;8;3;0;0;9;0;0;0;0;0;0;0,1122,4781,4316;4398;4781;4744;2595;2700;2587;1677;2619;2862;2829;2830;1180;1303;1155;1122,1.1,0.0,922.1,0,0,0,0,0,0.0,0,0,0,0,0,0,0,0,0.0,0,0,0,0,0,0.0,0.0,4342.3,0,0,0,74.1,14.69,0.02,0.37,18.33,23.3,63.4,97.08211352374103,0.7277730423201983,8.476680926374486,7.403750135890536,0.7772845192120184,1109.8108108108108,0.0,0.0,0.0,0.0,51.683086260750486,0.2,0.0,0.0,0.0,0.0,450.0,920.1,0.0,0.0,0.879,0.471,1.35,28.238,1.807,0,emon,0.9,0.715,44.2,22.3,1.982
2026-09-25 12:06:59.840,8.7,0,94,15;10;94;2;8;0;0;2;6;2;0;0;2;0;0;0,1129,4763,4001;4517;4763;4612;2112;2200;2102;2399;2156;2097;1515;1740;1328;1156;1134;1129,0.8,0.0,920.1,0,0,0,0,0,0.0,0,0,0,0,0,0,0,0,0.0,0,0,0,0,0,0.0,0.0,4342.3,0,0,0,57.1,14.69,0.02,0.37,18.33,23.4,63.4,96.8837116241455,0.4997229747241363,5.782688205440839,4.705539862811565,0.294463925571957,1051.5,0.0,0.0,0.0,0.0,52.01499950736761,0.1,0.0,0.0,0.0,0.0,450.0,920.1,0.0,0.0,0.879,0.471,1.35,28.238,1.807,0,emon,0.9,0.715,44.2,22.3,1.982
2026-09-25 12:07:00.841,9.0,0,95,15;8;95;3;9;0;0;0;11;0;0;0;2;2;0;0,926,4732,4167;4397;4692;4732;2412;1800;2919;2031;2252;2867;1281;1368;1206;933;1123;926,1.0,0.0,920.1,0,0,0,0,0,0.0,0,0,0,0,0,0,0,0,0.0,0,0,0,0,0,0.0,0.0,4342.3,0,0,0,51.1,14.69,0.02,0.37,18.33,23.4,63.4,96.55932716701342,0.9345116149887199,9.631597857760346,8.255842631763738,0.6072006920446217,1114.2173913043478,0.0,0.0,0.0,0.0,52.62546163829772,0.1,0.0,0.0,0.0,0.0,450.0,915.8,0.0,0.0,0.879,0.471,1.35,28.238,1.807,0,emon,0.9,0.715,44.2,22.3,1.982
2026-09-25 12:07:01.841,11.7,0,98,29;8;98;5;9;3;2;2;14;2;5;3;6;2;0;0,1119,4730,4383;4541;4730;4729;2838;3227;3357;3128;2980;3233;3398;3402;1674;2522;1593;1119,1.2,0.0,922.1,0,0,0,0,0,0.0,0,0,0,0,0,0,0,0,0.0,0,0,0,0,0,0.0,0.0,4342.3,0,0,0,54.1,14.69,0.02,0.37,18.33,23.4,63.4,97.73639135491358,1.015329397717261,9.41535909657609,8.342952684588628,0.4481441111173098,1163.3835616438357,0.0,0.0,0.0,0.0,50.97115285470061,0.2,0.0,0.0,0.0,0.0,450.0,922.1,0.0,0.0,0.879,0.471,1.35,28.238,1.807,0,emon,0.9,0.715,44.2,22.3,1.982
2026-09-25 12:07:02.842,9.1,0,98,29;3;98;0;8;0;0;0;6;0;0;0;2;0;0;0,1001,4721,4064;3965;4721;4504;2226;2465;1555;1956;2287;1379;1702;1423;1279;1100;1001;1116,0.7,0.0,922.1,0,0,0,0,0,0.0,0,0,0,0,0,0,0,0,0.0,0,0,0,0,0,0.0,0.0,4342.3,0,0,0,50.1,14.69,0.02,0.37,18.33,23.4,63.4,96.87285516200922,0.6631723830076413,7.591807581675359,6.619210099849181,0.6079718821132795,1120.7948717948718,0.0,0.0,0.0,0.0,51.589158122356125,0.1,0.0,0.0,0.0,0.0,450.0,922.1,0.0,0.0,0.879,0.471,1.35,28.238,1.807,0,emon,0.9,0.715,44.2,22.3,1.982
2026-09-25 12:07:03.843,10.8,0,98,26;5;98;2;14;3;0;0;16;3;0;0;6;0;0;0,1144,4729,4206;4386;4717;4729;2266;3000;2849;2045;2194;1897;2107;1651;1285;1183;1413;1144,0.9,0.0,920.1,0,0,0,0,0,0.0,0,0,0,0,0,0,0,0,0.0,0,0,0,0,0,0.0,0.0,4342.3,0,0,0,49.1,14.69,0.02,0.37,18.33,23.4,63.4,96.65565272739956,0.46428343562764074,5.211267640666356,4.143833936739062,0.2702126688793272,1084.7142857142858,0.0,0.0,0.0,0.0,51.10445188955655,0.2,0.0,0.0,0.0,0.0,450.0,920.1,0.0,0.0,0.879,0.471,1.35,28.238,1.807,0,emon,0.9,0.715,44.2,22.3,1.982
2026-09-25 12:07:04.843,9.4,0,97,20;5;97;2;12;2;0;0;12;0;0;0;2;0;0;0,1099,4765,4302;4270;4765;4717;2598;3006;2176;1893;2446;2953;1713;1590;1257;1123;1110;1099,0.7,0.0,920.1,0,0,0,0,0,0.0,0,0,0,0,0,0,0,0,0.0,0,0,0,0,0,0.0,0.0,4342.3,0,0,0,57.1,14.69,0.02,0.37,18.33,23.4,63.4,96.75101753973192,0.4718771653415094,5.0768014322365485,4.121129866328932,0.2442845451690617,1125.6129032258063,0.0,0.0,0.0,0.0,53.65132019596715,0.1,0.0,0.0,0.0,0.0,450.0,920.1,0.0,0.0,2.838,1.054,3.892,53.321,3.413,0.479,emon,0.875,0.666,32.4,15.0,2.158
2026-09-25 12:07:05.844,11.1,0,94,26;11;94;3;17;3;0;0;17;0;0;0;5;2;0;0,1096,4729,4104;4296;4716;4729;2699;3216;3042;2911;2601;3082;3091;2969;1582;1443;1126;1096,1.4,0.0,920.1,0,0,0,0,0,0.0,0,0,0,0,0,0,0,0,0.0,0,0,0,0,0,0.0,0.0,4342.3,0,0,0,48.1,14.69,0.02,0.37,18.33,23.4,63.4,97.1601483575229,0.9169898323879321,9.042795720799216,7.751400781024633,0.5769460252205166,1130.0344827586207,0.0,0.0,0.0,0.0,50.27503931984819,0.2,0.0,0.0,0.0,0.0,450.0,922.2,0.0,0.0,2.838,1.054,3.892,53.321,3.413,0.479,emon,0.875,0.666,32.4,15.0,2.158
2026-09-25 12:07:06.844,10.7,0,95,20;18;95;5;9;2;0;2;11;2;0;2;5;0;2;0,1384,4706,4213;4424;4706;4702;2667;3289;3429;3322;2709;2981;3366;3395;1384;2340;1535;1660,1.2,0.0,918.0,0,0,0,0,0,0.0,0,0,0,0,0,0,0,0,0.0,0,0,0,0,0,0.0,0.0,4342.3,0,0,0,61.1,0.0,0.0,0.0,0.0,23.5,63.4,96.53213623046875,0.770854050219059,7.11823983391126,6.185066363165776,0.5178939653902004,1025.6666666666667,0.0,0.0,0.0,0.0,51.00048500736555,0.2,0.0,0.0,0.0,0.0,450.0,915.8,0.0,0.0,2.838,1.054,3.892,53.321,3.413,0.479,emon,0.875,0.666,32.4,15.0,2.158
2026-09-25 12:07:07.845,8.6,0,97,17;6;97;0;5;0;0;0;6;0;0;0;5;2;0;0,1021,4752,4097;4514;4724;4752;2275;2652;1705;1610;2559;2302;1631;2162;1080;1330;1055;1021,0.9,0.0,915.8,0,0,0,0,0,0.0,0,0,0,0,0,0,0,0,0.0,0,0,0,0,0,0.0,0.0,4342.3,0,0,0,60.1,0.0,0.0,0.0,0.0,23.5,63.4,97.13308975913309,1.3067394181138794,11.793454376811331,10.624967676502736,0.7818597786641807,1092.1818181818182,0.0,0.0,0.0,0.0,50.277335575358435,0.2,0.0,0.0,0.0,0.0,450.0,915.8,0.0,0.0,2.838,1.054,3.892,53.321,3.413,0.479,emon,0.875,0.666,32.4,15.0,2.158
2026-09-25 12:07:08.845,10.4,0,92,14;18;92;5;15;6;0;0;3;8;0;0;2;3;0;0,1103,4758,3848;4405;4758;4739;2312;2291;2872;2187;2648;2501;2226;3008;1243;1160;1103;1116,1.0,0.0,915.8,0,0,0,0,0,0.0,0,0,0,0,0,0,0,0,0.0,0,0,0,0,0,0.0,0.0,4342.3,0,0,0,62.1,0.0,0.0,0.0,0.0,23.5,63.4,97.21283644664136,0.9767654223744816,9.388549087168295,8.277395402376033,0.6829973622313642,1142.6708860759493,0.0,0.0,0.0,0.0,53.473052466028854,0.2,0.0,0.0,0.0,0.0,450.0,915.8,0.0,0.0,2.838,1.054,3.892,53.321,3.413,0.479,emon,0.875,0.666,32.4,15.0,2.158
2026-09-25 12:07:09.845,9.7,0,95,5;23;95;2;0;14;2;0;0;12;2;0;0;0;0;0,1101,4754,4375;4130;4754;3991;2112;2545;2277;2118;1530;2462;2838;1657;1133;1189;1101;1105,0.5,0.0,915.8,0,0,0,0,0,0.0,0,0,0,0,0,0,0,0,0.0,0,0,0,0,0,0.0,0.0,4342.3,0,0,0,71.1,0.0,0.0,0.0,0.0,23.3,63.4,96.92475957455842,0.5880287940937864,6.827875250059625,5.620617424502321,0.3869985965303267,1130.5217391304348,0.0,0.0,0.0,0.0,50.283054291554116,0.1,0.0,0.0,0.0,0.0,450.0,915.8,0.0,0.0,2.838,1.054,3.892,53.321,3.413,0.479,emon,0.875,0.666,32.4,15.0,2.158
2026-09-25 12:07:10.846,10.5,0,94,11;25;94;2;0;12;2;2;0;14;0;0;0;5;2;2,1108,4777,4632;4373;4777;4706;1863;2398;3321;1534;1626;2512;1964;1976;1108;1403;1173;1116,1.2,0.0,918.6,0,0,0,0,0,0.0,0,0,0,0,0,0,0,0,0.0,0,0,0,0,0,0.0,0.0,4342.3,0,0,0,73.1,14.37,0.02,0.39,18.41,23.4,63.4,96.57085110591008,0.45557895575900775,4.7126744607320195,3.8520059761089773,0.33126652696563935,1141.3076923076924,0.0,0.0,0.0,0.0,50.31336484018426,0.2,0.0,0.0,0.0,0.0,450.0,918.6,0.0,0.0,2.838,1.054,3.892,53.321,3.413,0.479,emon,0.875,0.666,32.4,15.0,2.158
2026-09-25 12:07:11.846,9.5,0,92,11;14;92;2;0;11;3;0;0;16;2;0;0;2;0;0,1072,4742,4436;3964;4742;4729;1966;2330;2846;1606;1327;2159;1355;1722;1092;1192;1072;1103,1.2,0.0,918.6,0,0,0,0,0,0.0,0,0,0,0,0,0,0,0,0.0,0,0,0,0,0,0.0,0.0,4342.3,0,0,0,72.1,14.37,0.02,0.39,18.41,23.4,63.4,97.40531778335571,1.2335539849300403,12.703963203976551,11.786850480517993,0.7198326540765265,1145.875,0.0,0.0,0.0,0.0,52.42939313097546,0.2,0.0,0.0,0.0,0.0,450.0,920.8,0.0,0.0,2.838,1.054,3.892,53.321,3.413,0.479,emon,0.875,0.666,32.4,15.0,2.158
2026-09-25 12:07:12.846,14.8,0,85,28;31;85;11;0;23;11;3;2;25;6;0;0;12;0;0,1053,4722,4177;4175;4722;4588;3401;3082;3296;3235;3421;3112;3315;3373;1053;2344;1540;1508,1.1,0.0,918.8,0,0,0,0,0,0.0,0,0,0,0,0,0,0,0,0.0,0,0,0,0,0,0.0,0.0,4342.3,0,0,0,72.1,14.37,0.02,0.39,18.41,23.3,63.4,97.42512985755657,0.7762509197044861,10.351150200027844,7.8795450396900035,0.7031690752302329,1129.1724137931035,0.0,0.0,0.0,0.0,53.817350065656775,0.3,0.0,0.0,0.0,0.0,450.0,926.6,0.0,0.0,2.838,1.054,3.892,53.321,3.413,0.479,emon,0.875,0.666,32.4,15.0,2.158
2026-09-25 12:07:13.847,11.5,2,86,11;26;86;8;2;12;6;5;2;8;3;2;2;9;2;2,1069,4700,4291;4247;4661;4700;3022;2844;3155;2941;2814;2966;3145;2656;1190;1229;1069;1103,2.5,0.0,926.6,0,0,0,0,0,0.0,0,0,0,0,0,0,0,0,0.0,0,0,0,0,0,0.0,0.0,4342.3,0,0,0,68.1,14.37,0.02,0.39,18.41,23.4,63.4,97.36967958722796,0.37269664913477313,8.670096106745385,4.004942398610432,0.666367900453554,1047.901098901099,0.0,0.0,0.0,0.0,51.40563664740913,0.4,0.0,0.0,0.0,0.0,450.0,919.8,0.0,0.0,2.838,1.054,3.892,53.321,3.413,0.479,emon,0.875,0.666,32.4,15.0,2.158
2026-09-25 12:07:14.847,9.3,0,89,8;20;89;8;0;6;0;0;0;14;0;0;0;2;2;0,891,4680,4527;4223;4660;4680;2939;2733;3299;2828;2353;2579;2087;1677;891;1164;1049;1110,3.0,0.0,919.8,0,0,0,0,0,0.0,0,0,0,0,0,0,0,0,0.0,0,0,0,0,0,0.0,0.0,4342.3,0,0,0,74.1,17.77,0.03,0.36,21.47,23.4,63.4,97.12890210068016,0.4728940193165551,5.946859315821999,4.6573307499158805,0.5341072427844139,1119.1754385964912,0.0,0.0,0.0,0.0,51.20748825946398,0.2,0.0,0.0,0.0,0.0,450.0,919.8,0.0,0.0,2.838,1.054,3.892,53.321,3.413,0.479,emon,0.875,0.666,32.4,15.0,2.158
2026-09-25 12:07:15.848,8.6,0,76,0;27;76;12;0;9;0;0;0;12;0;0;0;0;0;0,1119,4806,2813;4367;4792;4806;1500;2271;3122;2531;1495;2234;2038;1704;1119;1172;1212;1137,0.6,0.0,919.8,0,0,0,0,0,0.0,0,0,0,0,0,0,0,0,0.0,0,0,0,0,0,0.0,0.0,4342.3,0,0,0,85.1,17.77,0.03,0.36,21.47,23.4,63.4,95.51784006754558,0.4461047349381261,5.244393049677213,4.360002674224476,0.3716736744196775,1111.5,0.0,0.0,0.0,0.0,50.29099042614301,0.1,0.0,0.0,0.0,0.0,450.0,919.8,0.0,0.0,2.838,1.054,3.892,53.321,3.413,0.479,emon,0.875,0.666,32.4,15.0,2.158
2026-09-25 12:07:16.860,8.1,0,89,3;16;89;2;0;11;0;0;0;5;0;0;0;3;2;0,1122,4822,4116;4138;4822;4774;2173;2642;2762;2939;1609;2752;2871;1563;1191;1328;1433;1122,1.0,0.0,915.8,0,0,0,0,0,0.0,0,0,0,0,0,0,0,0,0.0,0,0,0,0,0,0.0,0.0,4342.3,0,0,0,80.1,17.77,0.03,0.36,21.47,23.5,63.4,97.37539750438626,0.4933240320237543,5.725803178245738,4.558805534395121,0.2786404292870676,1128.6610169491526,0.0,0.0,0.0,0.0,51.18163773063886,0.1,0.0,0.0,0.0,0.0,450.0,915.8,0.0,0.0,1.25,0.441,1.69,29.96,1.917,0,emon,0.852,0.734,36.5,20.0,1.826
2026-09-25 12:07:17.861,9.2,0,89,8;27;89;2;0;9;0;0;0;12;0;0;0;0;0;0,1058,4796,4164;4043;4796;4729;2622;2878;2779;2813;3242;2675;2586;3165;1058;1168;1148;1140,0.8,0.0,915.8,0,0,0,0,0,0.0,0,0,0,0,0,0,0,0,0.0,0,0,0,0,0,0.0,0.0,4342.3,0,0,0,78.1,17.73,0.01,0.33,20.57,23.3,63.4,97.30374728116122,0.5131784090137278,5.999404592405666,4.90249384153973,0.2732429233464328,1143.5454545454545,0.0,0.0,0.0,0.0,51.212997895208275,0.1,0.0,0.0,0.0,0.0,450.0,909.5,0.0,0.0,1.25,0.441,1.69,29.96,1.917,0,emon,0.852,0.734,36.5,20.0,1.826
2026-09-25 12:07:18.861,8.6,0,89,5;17;89;8;0;9;2;0;0;8;0;0;0;0;0;0,1101,4921,4537;3744;4921;4800;2803;2456;2921;1760;2127;2705;2887;2383;1117;1126;1122;1101,1.0,0.0,909.5,0,0,0,0,0,0.0,0,0,0,0,0,0,0,0,0.0,0,0,0,0,0,0.0,0.0,4342.3,0,0,0,91.1,17.73,0.01,0.33,20.57,23.3,63.4,96.6,0.745765006528624,8.134549494584402,7.014117592262725,0.3247502679820172,1115.6666666666667,0.0,0.0,0.0,0.0,50.31112590233485,0.1,0.0,0.0,0.0,0.0,450.0,909.5,0.0,0.0,1.25,0.441,1.69,29.96,1.917,0,emon,0.852,0.734,36.5,20.0,1.826
2026-09-25 12:07:19.862,8.8,0,92,6;12;92;2;0;14;0;0;0;12;2;0;0;0;0;0,1000,4842,4596;3888;4842;4733;3016;2903;3304;3031;1312;2932;2838;2853;1036;1140;1135;1000,0.9,0.0,909.5,0,0,0,0,0,0.0,0,0,0,0,0,0,0,0,0.0,0,0,0,0,0,0.0,0.0,4342.3,0,0,0,74.1,17.73,0.01,0.33,20.57,23.3,63.4,96.35231069791115,0.5042551510229359,5.38421392693358,4.56170294774791,0.28203927240160814,1111.7118644067796,0.0,0.0,0.0,0.0,51.16602746561422,0.1,0.0,0.0,0.0,0.0,450.0,909.5,0.0,0.0,1.25,0.441,1.69,29.96,1.917,0,emon,0.852,0.734,36.5,20.0,1.826
2026-09-25 12:07:20.862,8.4,0,95,3;18;95;5;0;3;0;0;0;11;0;0;0;0;0;0,1101,4755,4447;3879;4755;4729;1427;2334;2950;1444;1392;2834;2766;2546;1147;1147;1101;1128,0.7,0.0,909.5,0,0,0,0,0,0.0,0,0,0,0,0,0,0,0,0.0,0,0,0,0,0,0.0,0.0,4342.3,0,0,0,69.1,17.73,0.01,0.33,20.57,23.3,63.4,96.7497424075478,0.7640770085149837,7.924091205000877,6.8464204286666295,0.4536320187249466,1124.0,0.0,0.0,0.0,0.0,50.28574071432415,0.1,0.0,0.0,0.0,0.0,450.0,909.5,0.0,0.0,1.25,0.441,1.69,29.96,1.917,0,emon,0.852,0.734,36.5,20.0,1.826
2026-09-25 12:07:21.862,10.0,0,83,5;25;83;0;0;8;3;0;0;9;0;0;0;11;0;17,1384,4796,4392;4254;4796;4735;1676;2380;2409;1410;1729;2514;2745;1741;1384;2188;1638;2454,0.9,0.0,909.5,0,0,0,0,0,0.0,0,0,0,0,0,0,0,0,0.0,0,0,0,0,0,0.0,0.0,4342.3,0,0,0,67.1,16.0,0.01,0.36,19.43,23.3,63.4,97.31868814321665,0.4421014368032607,4.957201981544495,4.083887637635836,0.24080012491546,1082.8461538461538,0.0,0.0,0.0,0.0,52.660096541734845,0.2,0.0,0.0,0.0,0.0,450.0,909.5,0.0,0.0,1.25,0.441,1.69,29.96,1.917,0,emon,0.852,0.734,36.5,20.0,1.826
2026-09-25 12:07:22.862,8.5,0,95,6;12;95;0;0;11;0;0;0;9;2;0;0;0;0;0,1088,4792,4572;4186;4792;4745;2540;2777;2957;2446;1460;2355;3050;3265;1088;1283;1154;1179,1.0,0.0,914.6,0,0,0,0,0,0.0,0,0,0,0,0,0,0,0,0.0,0,0,0,0,0,0.0,0.0,4342.3,0,0,0,69.1,16.0,0.01,0.36,19.43,23.3,63.4,96.76973791289748,0.9209279271063248,9.17640234660684,8.231768882130844,0.5700829405758301,1108.6491228070176,0.0,0.0,0.0,0.0,51.17237932300358,0.2,0.0,0.0,0.0,0.0,450.0,914.6,0.0,0.0,1.25,0.441,1.69,29.96,1.917,0,emon,0.852,0.734,36.5,20.0,1.826
2026-09-25 12:07:23.862,8.7,0,95,2;19;95;2;0;14;2;0;0;5;0;0;0;2;0;0,953,4736,4466;4139;4736;4717;1382;2273;3184;2430;1729;2424;2171;1558;953;1346;1119;1058,1.0,0.0,914.6,0,0,0,0,0,0.0,0,0,0,0,0,0,0,0,0.0,0,0,0,0,0,0.0,0.0,4342.3,0,0,0,57.1,16.0,0.01,0.36,19.43,23.4,63.4,96.54632180636047,0.4620381038651237,5.5681841480927385,4.4027547776454785,0.44730039107418607,1060.4754098360656,0.0,0.0,0.0,0.0,51.171731640080935,0.2,0.0,0.0,0.0,0.0,450.0,914.6,0.0,0.0,1.25,0.441,1.69,29.96,1.917,0,emon,0.852,0.734,36.5,20.0,1.826
2026-09-25 12:07:24.863,12.3,0,94,11;24;94;8;2;16;3;6;2;16;5;3;0;8;0;0,1502,4742,4540;4179;4742;4729;3371;2704;3102;3164;3430;2372;3337;3355;1545;1606;1502;1673,1.0,0.0,914.6,0,0,0,0,0,0.0,0,0,0,0,0,0,0,0,0.0,0,0,0,0,0,0.0,0.0,4342.3,0,0,0,52.1,16.0,0.01,0.36,19.43,23.4,63.4,97.49717317144555,1.1672146284997642,11.38415522568197,10.369606102177178,1.0703354298469543,1093.578313253012,0.0,0.0,0.0,0.0,51.236370530652714,0.2,0.0,0.0,0.0,0.0,450.0,914.6,0.0,0.0,1.25,0.441,1.69,29.96,1.917,0,emon,0.852,0.734,36.5,20.0,1.826
2026-09-25 12:07:25.863,9.4,0,91,10;17;91;3;0;11;2;0;0;8;0;0;0;10;0;0,1215,4731,4356;4267;4731;4684;2308;2361;2578;2791;1380;2430;3056;3103;1396;1411;1225;1215,1.6,0.0,914.6,0,0,0,0,0,0.0,0,0,0,0,0,0,0,0,0.0,0,0,0,0,0,0.0,0.0,4342.3,0,0,0,51.1,13.67,0.02,0.38,17.54,23.4,63.4,96.80127751277043,0.7191145986640969,7.524676050131138,6.514531947385806,0.27007280207740575,1123.6153846153845,0.0,0.0,0.0,0.0,50.16694969168076,0.2,0.0,0.0,0.0,0.0,450.0,914.6,0.0,0.0,1.25,0.441,1.69,29.96,1.917,0,emon,0.852,0.734,36.5,20.0,1.826
2026-09-25 12:07:26.863,9.8,0,97,5;18;97;2;0;14;0;0;0;16;0;0;0;5;2;0,1056,4698,4387;4248;4698;4680;1702;2423;2793;1863;1548;2213;3111;3031;1056;1057;1164;1125,0.8,0.0,914.6,0,0,0,0,0,0.0,0,0,0,0,0,0,0,0,0.0,0,0,0,0,0,0.0,0.0,4342.3,0,0,0,51.1,13.67,0.02,0.38,17.54,23.4,63.4,97.09249562230603,0.5292416400665514,5.595640158858792,4.502256844706577,0.05496257377772367,1077.448275862069,0.0,0.0,0.0,0.0,53.801132123531964,0.1,0.0,0.0,0.0,0.0,450.0,914.6,0.0,0.0,1.25,0.441,1.69,29.96,1.917,0,emon,0.852,0.734,36.5,20.0,1.826
2026-09-25 12:07:27.864,10.0,0,98,9;18;98;5;2;6;0;2;2;9;2;0;2;5;0;2,1515,4729,4349;4382;4729;4729;3362;2707;3166;3268;3397;2651;3234;2924;2200;1515;2130;2080,1.1,0.0,914.6,0,0,0,0,0,0.0,0,0,0,0,0,0,0,0,0.0,0,0,0,0,0,0.0,0.0,4342.3,0,0,0,54.1,13.67,0.02,0.38,17.54,23.4,63.4,97.4558474596809,0.7805982080548454,8.108720031731268,6.853851937908022,0.6830182466450531,1107.0882352941176,0.0,0.0,0.0,0.0,50.28391021533924,0.2,0.0,0.0,0.0,0.0,450.0,914.6,0.0,0.0,1.25,0.441,1.69,29.96,1.917,0,emon,0.852,0.734,36.5,20.0,1.826
2026-09-25 12:07:28.864,9.1,0,95,10;14;95;3;0;8;2;0;0;11;2;0;0;2;0;0,1057,4731,4534;4288;4731;4728;1294;2429;2910;2033;1735;2416;1915;2257;1057;1173;1114;1098,0.9,0.0,914.6,0,0,0,0,0,0.0,0,0,0,0,0,0,0,0,0.0,0,0,0,0,0,0.0,0.0,4342.3,0,0,0,52.1,13.67,0.02,0.38,17.54,23.4,63.4,96.45577318915005,0.526364824170616,5.807759683707665,4.833876449036701,0.2959878828079472,1154.1724137931035,0.0,0.0,0.0,0.0,50.27734790382714,0.2,0.0,0.0,0.0,0.0,450.0,914.6,0.0,0.0,2.538,1.062,3.6,43.743,2.8,0.8,emon,0.891,0.685,29.1,13.6,2.14
2026-09-25 12:07:29.865,10.1,0,91,8;26;91;3;2;15;3;2;0;5;2;2;0;5;0;0,1043,4759,4170;4375;4759;4686;1921;2425;3082;2426;1414;2620;2450;2295;1044;1418;1320;1043,1.5,0.0,914.6,0,0,0,0,0,0.0,0,0,0,0,0,0,0,0,0.0,0,0,0,0,0,0.0,0.0,4342.3,0,0,0,58.1,11.91,0.02,0.4,16.15,23.5,63.4,97.31433225932874,0.8128465667250566,8.398540434868712,7.230098556138967,0.714835314024975,1124.0,0.0,0.0,0.0,0.0,50.27849449609455,0.2,0.0,0.0,0.0,0.0,450.0,914.6,0.0,0.0,2.538,1.062,3.6,43.743,2.8,0.8,emon,0.891,0.685,29.1,13.6,2.14
2026-09-25 12:07:30.865,9.1,0,91,3;24;91;2;0;11;2;0;0;11;0;0;0;3;0;0,1196,4794,4109;4038;4794;4696;1442;2556;2863;2008;1382;2656;1810;1365;1196;1226;1228;1292,0.9,0.0,914.6,0,0,0,0,0,0.0,0,0,0,0,0,0,0,0,0.0,0,0,0,0,0,0.0,0.0,4342.3,0,0,0,62.1,11.91,0.02,0.4,16.15,23.5,63.4,97.44599259067589,0.7794701515214885,8.042719521153142,7.223886788153733,0.37303463736562137,1120.8309859154929,0.0,0.0,0.0,0.0,52.39036422128409,0.1,0.0,0.0,0.0,0.0,450.0,914.6,0.0,0.0,2.538,1.062,3.6,43.743,2.8,0.8,emon,0.891,0.685,29.1,13.6,2.14
2026-09-25 12:07:31.865,9.3,0,94,8;27;94;3;0;8;5;0;0;5;0;0;0;0;0;0,1137,4811,4342;3727;4811;4756;1671;2500;2768;2159;1764;2192;2650;1778;1141;1687;1148;1137,0.7,0.0,914.6,0,0,0,0,0,0.0,0,0,0,0,0,0,0,0,0.0,0,0,0,0,0,0.0,0.0,4342.3,0,0,0,64.1,11.91,0.02,0.4,16.15,23.5,63.4,96.9430107275645,1.6360295261450422,13.97415184105436,13.05487909556056,1.063677127987224,1150.0416666666667,0.0,0.0,0.0,0.0,50.27795653666059,0.2,0.0,0.0,0.0,0.0,450.0,914.6,0.0,0.0,2.538,1.062,3.6,43.743,2.8,0.8,emon,0.891,0.685,29.1,13.6,2.14
2026-09-25 12:07:32.866,9.0,0,74,11;23;74;0;0;16;0;0;0;14;0;0;0;5;2;0,979,4700,4484;4362;4672;4700;2723;2654;2543;3151;1971;2543;2855;2155;979;1264;1293;1069,1.0,0.0,914.6,0,0,0,0,0,0.0,0,0,0,0,0,0,0,0,0.0,0,0,0,0,0,0.0,0.0,5095.4,0,0,0,56.1,11.91,0.02,0.4,16.15,20.5,63.4,95.94573185361665,0.6780723127604719,6.899494385411,5.869569633477207,0.308658744999336,1042.103448275862,0.0,0.0,0.0,0.0,52.06893507827972,0.2,0.0,0.0,0.0,0.0,450.0,914.6,0.0,0.0,2.538,1.062,3.6,43.743,2.8,0.8,emon,0.891,0.685,29.1,13.6,2.14
2026-09-25 12:07:33.866,6.3,0,31,3;30;31;5;2;12;5;3;0;8;0;0;0;2;0;2,1126,4196,4196;3579;3675;3612;2815;1568;2509;2467;2855;1655;2196;2500;1208;1192;1874;1126,0.9,0.0,914.6,0,0,0,0,0,0.0,0,0,0,0,0,0,0,0,0.0,0,0,0,0,0,0.0,0.0,5095.4,0,0,0,40.1,12.87,0.01,0.39,16.84,20.5,63.4,97.22330959259517,0.6146960251517446,6.860065000870871,5.5376182362910304,0.26334158549573095,1130.7460317460318,0.0,0.0,0.0,0.0,51.11337686247296,0.2,0.0,0.0,0.0,0.0,450.0,914.6,0.0,0.0,2.538,1.062,3.6,43.743,2.8,0.8,emon,0.891,0.685,29.1,13.6,2.14
2026-09-25 12:07:34.866,6.8,0,35,5;20;35;5;0;14;0;0;0;16;0;0;0;14;0;0,944,3802,2511;2876;3345;3802;1450;1623;2021;1417;1710;1526;1735;1364;1067;1289;1130;944,1.1,0.0,914.6,0,0,0,0,0,0.0,0,0,0,0,0,0,0,0,0.0,0,0,0,0,0,0.0,0.0,5095.4,0,0,0,37.1,12.87,0.01,0.39,16.84,20.5,63.4,97.2056686843651,0.6253809636202303,7.550039800612823,6.741408293283936,0.5955197754715893,1129.4347826086957,0.0,0.0,0.0,0.0,50.97460689600827,0.2,0.0,0.0,0.0,0.0,450.0,914.6,0.0,0.0,2.538,1.062,3.6,43.743,2.8,0.8,emon,0.891,0.685,29.1,13.6,2.14
2026-09-25 12:07:35.867,6.1,0,27,9;22;27;2;0;14;3;0;0;12;2;0;0;8;0;0,1240,4035,4023;3538;3931;4035;2805;1923;2135;2120;2843;2021;2163;2983;1240;1650;1453;1294,1.9,0.0,914.6,0,0,0,0,0,0.0,0,0,0,0,0,0,0,0,0.0,0,0,0,0,0,0.0,0.0,5095.4,0,0,0,37.1,12.87,0.01,0.39,16.84,20.5,63.4,97.39868222007269,1.4647898441003753,15.057873013653333,13.932362330440856,0.8076482225154951,1140.139240506329,0.0,0.0,0.0,0.0,50.91695252664481,0.2,0.0,0.0,0.0,0.0,450.0,914.6,0.0,0.0,2.538,1.062,3.6,43.743,2.8,0.8,emon,0.891,0.685,29.1,13.6,2.14
2026-09-25 12:07:36.867,6.8,0,33,14;11;33;3;0;17;0;3;0;15;2;0;0;11;0;0,991,3690,3447;3109;3690;3502;1285;1548;1838;1552;1203;1545;1928;1541;1004;1266;1080;991,1.5,0.0,914.6,0,0,0,0,0,0.0,0,0,0,0,0,0,0,0,0.0,0,0,0,0,0,0.0,0.0,5095.4,0,0,0,34.1,5.05,0.03,0.33,8.07,20.5,63.4,97.16167791958513,1.1474491548563899,12.234970699096548,11.036322637664519,0.9270680336135804,1115.6666666666667,0.0,0.0,0.0,0.0,50.876002164065156,0.3,0.0,0.0,0.0,0.0,450.0,914.6,0.0,0.0,2.538,1.062,3.6,43.743,2.8,0.8,emon,0.891,0.685,29.1,13.6,2.14
2026-09-25 12:07:37.867,5.3,0,26,8;11;26;2;0;12;2;3;2;5;3;2;0;3;2;6,1118,3997,3734;2893;3322;3997;2851;1625;2477;2468;3000;1564;2511;2482;1118;1200;1552;1923,1.5,0.0,914.6,0,0,0,0,0,0.0,0,0,0,0,0,0,0,0,0.0,0,0,0,0,0,0.0,0.0,5095.4,0,0,0,41.1,5.05,0.03,0.33,8.07,20.6,63.4,96.77970283262191,0.4279849979493226,5.938392440157552,4.872017480072476,0.39286434601226283,1090.9354838709678,0.0,0.0,0.0,0.0,50.2842112952663,0.3,0.0,0.0,0.0,0.0,450.0,914.6,0.0,0.0,2.538,1.062,3.6,43.743,2.8,0.8,emon,0.891,0.685,29.1,13.6,2.14
2026-09-25 12:07:38.867,7.9,0,41,14;14;41;5;3;11;8;5;3;6;3;2;0;5;3;5,787,3972,3001;2844;3462;3972;2483;1453;1285;1939;2150;1579;1441;1630;829;992;894;787,1.4,0.0,914.6,0,0,0,0,0,0.0,0,0,0,0,0,0,0,0,0.0,0,0,0,0,0,47.7,0.0,5273.8,0,0,0,59.1,5.05,0.03,0.33,8.07,20.6,63.4,97.7881088256836,1.7555820539618205,14.524762773722934,13.593870593986491,0.7020695949271485,1090.2280701754387,0.0,0.0,0.0,0.0,49.34504263312147,0.2,0.0,0.0,0.0,0.0,450.0,914.6,0.0,0.0,2.538,1.062,3.6,43.743,2.8,0.8,emon,0.891,0.685,29.1,13.6,2.14
2026-09-25 12:07:39.868,5.6,0,22,17;6;22;6;3;0;15;5;0;0;8;0;0;0;8;0,986,3622,3041;3388;3622;3402;1094;1015;1370;1189;994;1000;1337;1171;1031;986;1198;1099,1.4,0.0,914.6,0,0,0,0,0,0.0,0,0,0,0,0,0,0,0,0.0,0,0,0,0,0,45.8,0.0,5313.0,0,0,0,37.1,5.05,0.03,0.33,8.07,20.6,63.4,97.18942846010809,0.6245048786242403,8.211473211850205,7.233246460863172,0.5985200972374439,1092.835616438356,0.0,0.0,0.0,0.0,50.96282362937927,0.2,0.0,0.0,0.0,0.0,450.0,914.6,0.0,0.0,2.538,1.062,3.6,43.743,2.8,0.8,emon,0.891,0.685,29.1,13.6,2.14
2026-09-25 12:07:40.868,4.8,0,23,13;8;23;5;3;2;9;3;2;0;6;2;0;0;2;0,1088,4233,2755;3977;3372;4233;3019;3509;1893;3034;3411;3372;1932;3100;1113;1088;1747;1855,1.4,0.0,914.6,0,0,0,0,0,0.0,0,0,0,0,0,0,0,0,0.0,0,0,0,0,0,0.0,0.0,5313.0,0,0,0,37.1,4.11,0.02,8.89,16.13,20.6,63.4,97.14550511977252,0.7805688721538686,10.334029851590886,9.262001452529255,0.4101810646585791,1150.4705882352941,0.0,0.0,0.0,0.0,50.260893014423985,0.2,0.0,0.0,0.0,0.0,450.0,914.6,0.0,0.0,2.538,1.062,3.6,43.743,2.8,0.8,emon,0.891,0.685,29.1,13.6,2.14
2026-09-25 12:07:41.868,4.7,0,30,11;5;30;3;0;0;5;3;0;0;8;2;0;0;10;0,1563,3980,3063;3528;3980;3721;2173;2699;1563;2339;3149;3185;1735;2973;2805;2757;1713;2676,1.4,0.0,916.3,0,0,0,0,0,0.0,0,0,0,0,0,0,0,0,0.0,0,0,0,0,0,0.0,0.0,5313.0,0,0,0,35.1,4.11,0.02,8.89,16.13,20.6,63.4,96.5431755495743,0.617732424874344,8.714247505849515,7.535552982398322,0.44876526736385436,1192.661971830986,0.0,0.0,0.0,0.0,49.5696345561407,0.2,0.0,0.0,0.0,0.0,450.0,914.6,0.0,0.0,36.982,7.851,44.834,20.953,1.341,43.493,emon,0.835,0.544,44.0,21.1,2.082
2026-09-25 12:07:42.869,24.4,0,74,45;62;74;28;16;2;33;31;8;0;31;26;0;0;30;6,2081,4693,4572;4631;4628;4693;3157;3349;3073;3128;3249;3355;3180;3266;2085;2266;2149;2081,7.0,0.0,950.8,0,0,0,0,0,0.0,0,0,0,0,0,0,0,0,0.0,0,0,0,0,0,0.0,0.0,5313.0,0,0,0,66.1,4.11,0.02,8.89,16.13,20.9,63.4,98.2473691081443,2.453269320499283,20.741270472780307,19.674983642951787,1.6981948448043134,1132.0409356725147,0.0,0.0,0.0,0.0,51.79522882393229,0.3,0.0,0.0,0.0,0.0,450.0,927.7,0.0,0.0,36.982,7.851,44.834,20.953,1.341,43.493,emon,0.835,0.544,44.0,21.1,2.082
2026-09-25 12:07:43.869,20.6,2,75,37;50;75;14;6;5;22;17;12;6;28;6;8;2;34;6,1637,4539,4356;4425;4495;4539;3104;3196;2723;2965;3191;3162;2831;2952;1637;1644;1710;1931,6.7,0.0,945.4,0,0,0,0,0,0.0,0,0,0,0,0,0,0,0,0.0,0,0,0,0,0,0.0,0.0,5313.0,0,0,0,60.1,4.11,0.02,8.89,16.13,20.9,63.4,98.6548522602428,2.3521027282827576,19.16693162714893,18.171793286921456,1.648081015236709,1129.965909090909,0.0,0.0,0.0,0.0,53.150790267115966,1.2,0.0,0.0,0.0,0.0,450.0,945.4,0.0,0.0,36.982,7.851,44.834,20.953,1.341,43.493,emon,0.835,0.544,44.0,21.1,2.082
2026-09-25 12:07:44.870,17.6,0,75,36;48;75;17;5;0;29;6;0;0;30;2;2;0;31;2,752,3868,3452;3568;3868;3629;2799;3189;2494;2547;2776;2619;2699;2737;752;760;872;798,6.2,0.0,937.9,0,0,0,0,0,0.0,0,0,0,0,0,0,0,0,0.0,0,0,0,0,0,97.5,0.0,5313.0,0,0,0,59.1,16.8,0.12,7.45,27.6,20.9,63.4,99.11021247000065,2.830644718079195,17.082288294890017,16.229957171223777,1.7292237266330357,853.2452830188679,0.0,0.0,0.0,0.0,53.192208393740486,0.8,0.0,0.0,0.0,0.0,250.0,937.9,0.0,0.0,36.982,7.851,44.834,20.953,1.341,43.493,emon,0.835,0.544,44.0,21.1,2.082
2026-09-25 12:07:45.870,23.8,0,81,37;42;81;20;2;0;33;14;3;3;38;14;2;3;80;9,751,3891,3654;3666;3891;3722;2578;2438;2507;2630;2615;3059;2715;2514;751;773;985;820,4.9,0.0,927.1,0,0,0,0,0,0.0,0,0,0,0,0,0,0,0,0.0,0,0,0,0,0,92.8,0.0,5313.0,0,0,0,49.1,16.8,0.12,7.45,27.6,20.9,63.4,98.88822303384038,2.4044295011593375,16.163596339818447,15.013855834465243,1.6447150975999838,908.8870056497175,0.0,0.0,0.0,0.0,52.24483351527297,0.8,0.0,0.0,0.0,0.0,250.0,927.1,0.0,0.0,36.982,7.851,44.834,20.953,1.341,43.493,emon,0.835,0.544,44.0,21.1,2.082
2026-09-25 12:07:46.870,22.3,0,70,36;52;70;16;3;3;32;19;3;0;35;6;3;3;67;8,1406,4620,4532;4542;4620;4600;2898;2858;2741;2740;3101;2825;2608;2519;1406;1810;1993;1784,4.1,0.0,938.1,0,0,0,0,0,0.0,0,0,0,0,0,0,0,0,0.0,0,0,0,0,0,0.0,0.0,5313.0,0,0,0,59.1,16.8,0.12,7.45,27.6,21.0,63.4,98.30515982491629,1.9595524822062413,17.613073841673987,15.74462131234152,2.2852346673947093,1141.857142857143,0.0,0.0,0.0,0.0,52.27632222533226,0.9,0.0,0.0,0.0,0.0,450.0,943.4,0.0,0.0,36.982,7.851,44.834,20.953,1.341,43.493,emon,0.835,0.544,44.0,21.1,2.082
2026-09-25 12:07:47.871,14.1,0,69,31;25;69;17;2;0;27;2;0;0;24;2;5;0;17;6,1496,4599,4268;4403;4596;4599;3219;3006;2666;2975;3014;2912;2725;2921;1496;1538;1680;1566,5.0,0.0,938.2,0,0,0,0,0,0.0,0,0,0,0,0,0,0,0,0.0,0,0,0,0,0,0.0,0.0,5313.0,0,0,0,55.1,16.8,0.12,7.45,27.6,21.0,63.4,98.55852524439494,2.0699508548665713,17.595390213032562,15.891242238149667,1.3875389012349235,1069.5729166666667,0.0,0.0,0.0,0.0,53.97415747113215,0.7,0.0,0.0,0.0,0.0,450.0,938.2,0.0,0.0,36.982,7.851,44.834,20.953,1.341,43.493,emon,0.835,0.544,44.0,21.1,2.082
2026-09-25 12:07:48.871,7.7,0,45,28;10;45;6;0;0;14;0;0;0;14;0;0;0;5;2,865,4606,3803;4348;4303;4606;2619;1849;1935;1894;1864;1396;2030;2879;1137;865;1320;1207,4.3,0.0,934.1,0,0,0,0,0,0.0,0,0,0,0,0,0,0,0,0.0,0,0,0,0,0,0.0,0.0,5313.0,0,0,0,39.1,15.91,0.08,5.0,25.83,21.0,63.4,97.61303914388021,1.8897766978282369,16.972719489444387,15.436189177406556,2.2106880664646407,1116.5757575757575,0.0,0.0,0.0,0.0,50.564848498051816,0.7,0.0,0.0,0.0,0.0,450.0,928.8,0.0,0.0,36.982,7.851,44.834,20.953,1.341,43.493,emon,0.835,0.544,44.0,21.1,2.082
2026-09-25 12:07:49.871,5.6,0,47,23;0;47;2;0;0;9;2;0;0;6;0;0;0;0;0,960,4576,3833;4273;4220;4576;1842;1460;2447;2178;1673;1522;2466;1967;1042;960;1108;1088,4.3,0.0,934.1,0,0,0,0,0,0.0,0,0,0,0,0,0,0,0,0.0,0,0,0,0,0,0.0,0.0,5313.0,0,0,0,38.1,15.91,0.08,5.0,25.83,20.9,63.4,98.2880188335072,2.2215618473033167,20.293953995271163,18.819275654615325,1.6546499319199939,1165.8181818181818,0.0,0.0,0.0,0.0,53.508728542551395,0.6,0.0,0.0,0.0,0.0,450.0,928.8,0.0,0.0,36.982,7.851,44.834,20.953,1.341,43.493,emon,0.835,0.544,44.0,21.1,2.082
2026-09-25 12:07:50.871,8.1,0,48,27;11;48;8;0;0;17;0;0;0;18;0;0;0;0;0,800,4540,3702;4252;4287;4540;2914;1526;2616;2996;1780;1462;2586;3024;841;800;1452;1036,7.0,0.0,923.7,0,0,0,0,0,0.0,0,0,0,0,0,0,0,0,0.0,0,0,0,0,0,0.0,0.0,5313.0,0,0,0,41.1,15.91,0.08,5.0,25.83,20.9,63.4,97.66153617723454,2.042697344857031,17.819247871461,16.36419898238496,1.8792486991905524,1134.5029585798816,0.0,0.0,0.0,0.0,50.538287656194356,0.8,0.0,0.0,0.0,0.0,450.0,923.7,0.0,0.0,36.982,7.851,44.834,20.953,1.341,43.493,emon,0.835,0.544,44.0,21.1,2.082
2026-09-25 12:07:51.871,11.7,0,58,33;17;58;6;2;3;22;3;5;5;8;6;0;0;18;2,745,3798,3440;3588;3798;3689;2962;3015;2515;2829;3084;3081;2463;2996;763;814;896;745,4.1,0.0,923.7,0,0,0,0,0,0.0,0,0,0,0,0,0,0,0,0.0,0,0,0,0,0,35.1,0.0,5313.0,0,0,0,59.1,15.91,0.08,5.0,25.83,20.9,63.4,99.26566091891938,2.9427882859450394,21.09238174636807,19.914418825599473,1.5722398139321063,971.3451327433628,0.0,0.0,0.0,0.0,55.84965766257549,0.8,0.0,0.0,0.0,0.0,250.0,925.5,0.0,0.0,36.982,7.851,44.834,20.953,1.341,43.493,emon,0.835,0.544,44.0,21.1,2.082
2026-09-25 12:07:52.872,12.5,0,67,37;11;67;6;8;3;15;6;5;3;15;3;0;2;14;5,807,3812,3473;3697;3809;3812;2969;2753;2568;2706;3100;2811;2439;2958;813;846;894;807,7.0,0.0,931.3,0,0,0,0,0,0.0,0,0,0,0,0,0,0,0,0.0,0,0,0,0,0,97.5,0.0,5313.0,0,0,0,41.1,8.38,0.1,10.49,21.98,20.9,63.4,99.12697510285811,2.203703967244523,16.61061331087893,15.365992526820099,1.4987267925192678,968.3181818181819,0.0,0.0,0.0,0.0,53.13237364547835,1.0,0.0,0.0,0.0,0.0,250.0,931.3,0.0,0.0,36.982,7.851,44.834,20.953,1.341,43.493,emon,0.835,0.544,44.0,21.1,2.082
2026-09-25 12:07:53.872,8.4,0,45,25;11;45;6;2;0;20;5;0;0;14;0;0;0;6;0,626,3747,3202;3530;3747;3557;2524;1481;2178;2518;2650;2096;2218;2623;687;626;953;827,6.3,0.0,941.2,0,0,0,0,0,0.0,0,0,0,0,0,0,0,0,0.0,0,0,0,0,0,94.1,0.0,5313.0,0,0,0,38.1,8.38,0.1,10.49,21.98,20.9,63.4,99.00794212634747,2.4345830960586543,17.073214120016647,15.510410783507933,1.6671018703600566,925.6826923076923,0.0,0.0,0.0,0.0,53.117702127541776,0.9,0.0,0.0,0.0,0.0,250.0,941.2,0.0,0.0,9.441,2.859,12.3,26.879,1.72,10.58,emon,0.869,0.78,31.0,14.6,2.13
2026-09-25 12:07:54.873,7.6,0,56,24;0;56;5;0;0;22;0;0;0;11;0;0;0;5;0,723,3776,3173;3421;3776;3471;2047;1287;2093;2301;1315;1272;2134;2093;742;723;972;824,3.6,0.0,933.6,0,0,0,0,0,0.0,0,0,0,0,0,0,0,0,0.0,0,0,0,0,0,94.5,0.0,5313.0,0,0,0,38.1,8.38,0.1,10.49,21.98,20.9,63.4,98.88605494932695,1.6794789073464926,12.21633211980489,10.528151132272217,1.7377027292571834,983.6590909090909,0.0,0.0,0.0,0.0,53.82604141362985,0.7,0.0,0.0,0.0,0.0,250.0,935.3,0.0,0.0,9.441,2.859,12.3,26.879,1.72,10.58,emon,0.869,0.78,31.0,14.6,2.13
2026-09-25 12:07:55.873,5.9,0,37,22;6;37;0;0;0;12;0;0;0;12;0;0;0;5;0,1060,4337,3690;4230;4205;4337;1789;2427;2091;2333;1900;2510;2018;2251;1060;1067;1320;1078,4.5,0.0,934.6,0,0,0,0,0,0.0,0,0,0,0,0,0,0,0,0.0,0,0,0,0,0,17.6,0.0,5313.0,0,0,0,39.1,8.38,0.1,10.49,21.98,20.9,63.4,98.17586646645756,1.4308777261159704,13.307572736410098,11.257835584803153,1.75817162946056,1147.587570621469,0.0,0.0,0.0,0.0,54.59967473300837,0.7,0.0,0.0,0.0,0.0,450.0,934.6,0.0,0.0,9.441,2.859,12.3,26.879,1.72,10.58,emon,0.869,0.78,31.0,14.6,2.13
2026-09-25 12:07:56.873,10.1,0,55,26;11;55;6;2;0;16;6;0;0;17;0;2;0;20;2,1382,4534,3946;3927;4442;4534;3065;2418;2224;1999;3186;3206;2396;2719;2115;1960;1588;1382,5.4,0.0,940.9,0,0,0,0,0,0.0,0,0,0,0,0,0,0,0,0.0,0,0,0,0,0,0.0,0.0,5313.0,0,0,0,45.1,7.11,0.08,2.41,19.79,20.9,63.4,98.18868542789073,2.3554756579543934,22.638630969470807,21.025551336367478,1.5666218984952547,1105.741573033708,0.0,0.0,0.0,0.0,51.95053563811136,0.6,0.0,0.0,0.0,0.0,450.0,932.8,0.0,0.0,9.441,2.859,12.3,26.879,1.72,10.58,emon,0.869,0.78,31.0,14.6,2.13
2026-09-25 12:07:57.874,9.8,0,64,34;12;64;2;0;0;19;0;0;0;14;2;2;0;6;2,998,4652,4136;4511;4512;4652;2279;2205;2865;2789;2074;2192;2744;3139;1447;998;1488;1509,7.4,0.0,935.2,0,0,0,0,0,0.0,0,0,0,0,0,0,0,0,0.0,0,0,0,0,0,0.0,0.0,5313.0,0,0,0,46.1,7.11,0.08,2.41,19.79,20.9,63.4,98.37052352007697,2.6360664727536083,23.820137787040544,22.681163145514095,1.719785412489642,1161.3529411764705,0.0,0.0,0.0,0.0,51.457255190961504,1.1,0.0,0.0,0.0,0.0,450.0,936.5,0.0,0.0,9.441,2.859,12.3,26.879,1.72,10.58,emon,0.869,0.78,31.0,14.6,2.13
2026-09-25 12:07:58.874,7.9,0,45,26;9;45;5;2;0;14;0;0;0;14;0;2;0;9;0,1009,4579,4046;4471;4425;4579;1727;1438;2419;2006;1456;1143;2498;1867;1009;1017;1317;1065,7.4,0.0,936.0,0,0,0,0,0,0.0,0,0,0,0,0,0,0,0,0.0,0,0,0,0,0,0.0,0.0,5313.0,0,0,0,43.1,7.11,0.08,2.41,19.79,20.9,63.4,98.43156838302977,2.283108187059573,22.371784258972514,20.769154879821546,1.4166361422519729,1149.4784688995214,0.0,0.0,0.0,0.0,53.88035896135289,1.1,0.0,0.0,0.0,0.0,450.0,941.3,0.0,0.0,9.441,2.859,12.3,26.879,1.72,10.58,emon,0.869,0.78,31.0,14.6,2.13
2026-09-25 12:07:59.874,11.4,0,62,39;11;62;9;0;0;22;3;0;0;25;0;0;0;12;0,1137,4659,4177;4494;4460;4659;3076;2134;2801;3270;3131;2323;2724;2840;1149;1137;1735;1247,6.3,0.0,935.9,0,0,0,0,0,0.0,0,0,0,0,0,0,0,0,0.0,0,0,0,0,0,0.0,0.0,5313.0,0,0,0,46.1,7.11,0.08,2.41,19.79,20.9,63.4,98.36862958202046,2.170696090307416,20.53368108081554,19.057671646716187,1.4091493155992492,1155.6298342541436,0.0,0.0,0.0,0.0,53.3643274243036,1.1,0.0,0.0,0.0,0.0,450.0,935.9,0.0,0.0,9.441,2.859,12.3,26.879,1.72,10.58,emon,0.869,0.78,31.0,14.6,2.13
2026-09-25 12:08:00.875,11.2,0,56,49;14;56;3;2;0;16;0;0;0;20;0;0;0;17;2,604,3841,3387;3514;3841;3553;2164;2130;2453;2482;2624;1548;2427;2203;720;604;918;773,7.8,0.0,935.9,0,0,0,0,0,0.0,0,0,0,0,0,0,0,0,0.0,0,0,0,0,0,99.2,0.0,5313.0,0,0,0,60.1,11.42,0.15,0.38,15.7,20.9,63.4,99.33528106553214,2.7538910778156214,21.571328063628503,20.25421653534951,1.2229251975385782,1001.6785714285714,0.0,0.0,0.0,0.0,56.15021387826918,1.0,0.0,0.0,0.0,0.0,250.0,935.9,0.0,0.0,9.441,2.859,12.3,26.879,1.72,10.58,emon,0.869,0.78,31.0,14.6,2.13
2026-09-25 12:08:01.875,13.6,2,66,32;17;66;3;5;3;25;3;5;2;33;3;2;3;12;3,788,3840,3482;3726;3840;3717;2987;3085;2348;2777;2901;3026;2463;3045;791;788;932;792,7.8,0.0,935.9,0,0,0,0,0,0.0,0,0,0,0,0,0,0,0,0.0,0,0,0,0,0,99.2,0.0,5313.0,0,0,0,43.1,11.42,0.15,0.38,15.7,20.9,63.4,99.01727633089632,2.50680741657805,19.745442043768392,18.502925138497673,1.611786612616915,943.0540540540541,0.0,0.0,0.0,0.0,54.374573648137016,1.1,0.0,0.0,0.0,0.0,250.0,931.9,0.0,0.0,9.441,2.859,12.3,26.879,1.72,10.58,emon,0.869,0.78,31.0,14.6,2.13
2026-09-25 12:08:02.875,13.4,0,58,42;23;58;15;3;0;27;8;2;0;19;5;2;0;13;0,709,3856,3533;3558;3856;3632;2918;3112;2694;2878;3175;2118;2727;2925;957;709;876;732,6.4,0.0,931.9,0,0,0,0,0,0.0,0,0,0,0,0,0,0,0,0.0,0,0,0,0,0,89.3,0.0,5338.3,0,0,0,51.1,11.42,0.15,0.38,15.7,21.0,63.4,99.18645655443221,2.8055776284976868,21.95646078756013,20.63430755785879,1.7834493579178385,898.4923857868021,0.0,0.0,0.0,0.0,53.65543015951735,1.1,0.0,0.0,0.0,0.0,250.0,931.9,0.0,0.0,9.441,2.859,12.3,26.879,1.72,10.58,emon,0.869,0.78,31.0,14.6,2.13
2026-09-25 12:08:03.875,15.7,0,78,45;19;78;14;0;3;28;8;3;2;25;8;0;0;17;2,662,3937,3534;3824;3937;3742;3085;3203;2827;3149;3169;3083;2737;3140;662;750;877;853,4.7,0.0,915.9,0,0,0,0,0,0.0,0,0,0,0,0,0,0,0,0.0,0,0,0,0,0,93.1,0.0,5338.3,0,0,0,46.1,10.24,0.13,11.51,31.95,21.0,63.4,99.04097402663459,2.6032708897865158,19.129631052414577,17.907715715013357,1.571936653429345,894.5357142857143,0.0,0.0,0.0,0.0,52.62370916965994,0.9,0.0,0.0,0.0,0.0,250.0,926.4,0.0,0.0,9.441,2.859,12.3,26.879,1.72,10.58,emon,0.869,0.78,31.0,14.6,2.13
2026-09-25 12:08:04.876,31.0,0,91,61;58;91;40;26;8;38;23;12;2;44;28;0;0;53;12,2465,4551,4430;4535;4465;4551;3254;3414;3229;3318;3358;3357;3271;3378;2513;2801;2594;2465,7.2,0.0,926.4,0,0,0,0,0,0.0,0,0,0,0,0,0,0,0,0.0,0,0,0,0,0,89.7,0.0,5338.3,0,0,0,55.1,10.24,0.13,11.51,31.95,17.1,63.4,98.92717960268952,2.504152830001129,20.130952181511148,18.914310003197645,1.1807429507355474,1062.953488372093,0.0,0.0,0.0,0.0,51.98204704265782,1.0,0.0,0.0,0.0,0.0,450.0,926.4,0.0,0.0,9.441,2.859,12.3,26.879,1.72,10.58,emon,0.869,0.78,31.0,14.6,2.13
2026-09-25 12:08:05.876,24.0,6,100,54;30;100;20;10;8;32;14;10;10;34;17;6;8;23;8,2274,4797,4485;4636;4693;4797;3464;3368;3161;3294;3390;3407;3132;3369;2823;2893;2274;2868,5.8,0.0,926.4,0,0,0,0,0,0.0,0,0,0,0,0,0,0,0,0.0,0,0,0,0,0,0.0,0.0,0.0,0,0,0,56.1,10.24,0.13,11.51,31.95,15.4,63.4,98.0329405132093,2.5778615823048248,23.003508297323485,21.61198740239032,1.3677411658106622,1151.923976608187,0.0,0.0,0.0,0.0,50.52361030824352,0.8,0.0,0.0,0.0,0.0,450.0,926.4,0.0,0.0,87.025,1.489,88.514,48.586,3.11,85.404,emon,0.779,0.489,52.2,24.2,2.159
